exported_at,projections_updated_at,dk_round_props_refreshed_at,event_name,course_used,display_round,round_num,dg_id,player_name,country,market,side,line,american_odds,over_odds,under_odds,book,model_projection,p_model,p_implied,edge_pct,mu_sg,bet,bet_reason,bet_gap,bet_gap_need
2026-08-07T06:56:30Z,2026-08-07T06:56:26.660Z,2026-08-07T06:52:05Z,Wyndham Championship,Sedgefield Country Club,2,2,14139,"Thomas, Justin",USA,Birdies,over,4.5,-150,-150,106,draftkings,4.79,0.5506,0.6,-4.94,2.182,NO,inside_gap,0.29,1
2026-08-07T06:56:30Z,2026-08-07T06:56:26.660Z,2026-08-07T06:52:05Z,Wyndham Championship,Sedgefield Country Club,2,2,14139,"Thomas, Justin",USA,Birdies,under,4.5,106,-150,106,draftkings,4.79,0.4494,0.4854,-3.6,2.182,NO,inside_gap,0.29,0.5
2026-08-07T06:56:30Z,2026-08-07T06:56:26.660Z,2026-08-07T06:52:05Z,Wyndham Championship,Sedgefield Country Club,2,2,18554,"Rai, Aaron",ENG,Birdies,over,4.5,-112,-112,-125,draftkings,4.84,0.5584,0.5283,3.01,2.28,NO,inside_gap,0.34,1
2026-08-07T06:56:30Z,2026-08-07T06:56:26.660Z,2026-08-07T06:52:05Z,Wyndham Championship,Sedgefield Country Club,2,2,18554,"Rai, Aaron",ENG,Birdies,under,4.5,-125,-112,-125,draftkings,4.84,0.4416,0.5556,-11.4,2.28,NO,inside_gap,0.34,0.5
2026-08-07T06:56:30Z,2026-08-07T06:56:26.660Z,2026-08-07T06:52:05Z,Wyndham Championship,Sedgefield Country Club,2,2,22760,"Hisatsune, Ryo",JPN,Birdies,over,4.5,-112,-112,-128,draftkings,4.85,0.5606,0.5283,3.23,2.336,NO,inside_gap,0.35,1
2026-08-07T06:56:30Z,2026-08-07T06:56:26.660Z,2026-08-07T06:52:05Z,Wyndham Championship,Sedgefield Country Club,2,2,22760,"Hisatsune, Ryo",JPN,Birdies,under,4.5,-128,-112,-128,draftkings,4.85,0.4394,0.5614,-12.2,2.336,NO,inside_gap,0.35,0.5
2026-08-07T06:56:30Z,2026-08-07T06:56:26.660Z,2026-08-07T06:52:05Z,Wyndham Championship,Sedgefield Country Club,2,2,20706,"Wallace, Matt",ENG,Birdies,over,4.5,-110,-110,-130,draftkings,5.25,0.6239,0.5238,10.01,2.685,NO,inside_gap,0.75,1
2026-08-07T06:56:30Z,2026-08-07T06:56:26.660Z,2026-08-07T06:52:05Z,Wyndham Championship,Sedgefield Country Club,2,2,20706,"Wallace, Matt",ENG,Birdies,under,4.5,-130,-110,-130,draftkings,5.25,0.3761,0.5652,-18.91,2.685,NO,inside_gap,0.75,0.5
2026-08-07T06:56:30Z,2026-08-07T06:56:26.660Z,2026-08-07T06:52:05Z,Wyndham Championship,Sedgefield Country Club,2,2,25569,"Stevens, Sam",USA,Birdies,over,4.5,112,112,-158,draftkings,4.34,0.4698,0.4717,-0.19,1.224,NO,inside_gap,-0.16,1
2026-08-07T06:56:30Z,2026-08-07T06:56:26.660Z,2026-08-07T06:52:05Z,Wyndham Championship,Sedgefield Country Club,2,2,25569,"Stevens, Sam",USA,Birdies,under,4.5,-158,112,-158,draftkings,4.34,0.5302,0.6124,-8.22,1.224,NO,inside_gap,-0.16,0.5
2026-08-07T06:56:30Z,2026-08-07T06:56:26.660Z,2026-08-07T06:52:05Z,Wyndham Championship,Sedgefield Country Club,2,2,15470,"Hossler, Beau",USA,Birdies,over,4.5,108,108,-152,draftkings,4.75,0.5433,0.4808,6.25,2.139,NO,inside_gap,0.25,1
2026-08-07T06:56:30Z,2026-08-07T06:56:26.660Z,2026-08-07T06:52:05Z,Wyndham Championship,Sedgefield Country Club,2,2,15470,"Hossler, Beau",USA,Birdies,under,4.5,-152,108,-152,draftkings,4.75,0.4567,0.6032,-14.64,2.139,NO,inside_gap,0.25,0.5
2026-08-07T06:56:30Z,2026-08-07T06:56:26.660Z,2026-08-07T06:52:05Z,Wyndham Championship,Sedgefield Country Club,2,2,24550,"Ghim, Doug",USA,Birdies,over,4.5,-114,-114,-124,draftkings,5.07,0.5965,0.5327,6.38,2.776,NO,inside_gap,0.57,1
2026-08-07T06:56:30Z,2026-08-07T06:56:26.660Z,2026-08-07T06:52:05Z,Wyndham Championship,Sedgefield Country Club,2,2,24550,"Ghim, Doug",USA,Birdies,under,4.5,-124,-114,-124,draftkings,5.07,0.4035,0.5536,-15.01,2.776,NO,inside_gap,0.57,0.5
2026-08-07T06:56:30Z,2026-08-07T06:56:26.660Z,2026-08-07T06:52:05Z,Wyndham Championship,Sedgefield Country Club,2,2,19870,"McCarthy, Denny",USA,Birdies,over,4.5,112,112,-158,draftkings,4.76,0.5448,0.4717,7.31,1.979,NO,inside_gap,0.25,1
2026-08-07T06:56:30Z,2026-08-07T06:56:26.660Z,2026-08-07T06:52:05Z,Wyndham Championship,Sedgefield Country Club,2,2,19870,"McCarthy, Denny",USA,Birdies,under,4.5,-158,112,-158,draftkings,4.76,0.4552,0.6124,-15.72,1.979,NO,inside_gap,0.25,0.5
2026-08-07T06:56:30Z,2026-08-07T06:56:26.660Z,2026-08-07T06:52:05Z,Wyndham Championship,Sedgefield Country Club,2,2,19846,"Bauchou, Zach",USA,Birdies,over,4.5,118,118,-166,draftkings,5.09,0.6,0.4587,14.12,2.384,NO,inside_gap,0.59,1
2026-08-07T06:56:30Z,2026-08-07T06:56:26.660Z,2026-08-07T06:52:05Z,Wyndham Championship,Sedgefield Country Club,2,2,19846,"Bauchou, Zach",USA,Birdies,under,4.5,-166,118,-166,draftkings,5.09,0.4,0.6241,-22.4,2.384,NO,inside_gap,0.59,0.5
2026-08-07T06:56:30Z,2026-08-07T06:56:26.660Z,2026-08-07T06:52:05Z,Wyndham Championship,Sedgefield Country Club,2,2,17511,"Straka, Sepp",AUT,Birdies,over,4.5,102,102,-144,draftkings,4.58,0.5149,0.495,1.98,1.692,NO,inside_gap,0.08,1
2026-08-07T06:56:30Z,2026-08-07T06:56:26.660Z,2026-08-07T06:52:05Z,Wyndham Championship,Sedgefield Country Club,2,2,17511,"Straka, Sepp",AUT,Birdies,under,4.5,-144,102,-144,draftkings,4.58,0.4851,0.5902,-10.5,1.692,NO,inside_gap,0.08,0.5
2026-08-07T06:56:30Z,2026-08-07T06:56:26.660Z,2026-08-07T06:52:05Z,Wyndham Championship,Sedgefield Country Club,2,2,14636,"Spieth, Jordan",USA,Birdies,over,4.5,-124,-124,-114,draftkings,4.98,0.5825,0.5536,2.89,2.295,NO,inside_gap,0.48,1
2026-08-07T06:56:30Z,2026-08-07T06:56:26.660Z,2026-08-07T06:52:05Z,Wyndham Championship,Sedgefield Country Club,2,2,14636,"Spieth, Jordan",USA,Birdies,under,4.5,-114,-124,-114,draftkings,4.98,0.4175,0.5327,-11.52,2.295,NO,inside_gap,0.48,0.5
2026-08-07T06:56:30Z,2026-08-07T06:56:26.660Z,2026-08-07T06:52:05Z,Wyndham Championship,Sedgefield Country Club,2,2,29827,"James, Ben",USA,Birdies,over,4.5,-115,-115,-122,draftkings,4.98,0.5815,0.5349,4.66,2.328,NO,inside_gap,0.48,1
2026-08-07T06:56:30Z,2026-08-07T06:56:26.660Z,2026-08-07T06:52:05Z,Wyndham Championship,Sedgefield Country Club,2,2,29827,"James, Ben",USA,Birdies,under,4.5,-122,-115,-122,draftkings,4.98,0.4185,0.5495,-13.11,2.328,NO,inside_gap,0.48,0.5
2026-08-07T06:56:30Z,2026-08-07T06:56:26.660Z,2026-08-07T06:52:05Z,Wyndham Championship,Sedgefield Country Club,2,2,29767,"Gerard, Ryan",USA,Birdies,over,4.5,-144,-144,102,draftkings,5.04,0.591,0.5902,0.09,2.614,NO,inside_gap,0.54,1
2026-08-07T06:56:30Z,2026-08-07T06:56:26.660Z,2026-08-07T06:52:05Z,Wyndham Championship,Sedgefield Country Club,2,2,29767,"Gerard, Ryan",USA,Birdies,under,4.5,102,-144,102,draftkings,5.04,0.409,0.495,-8.61,2.614,NO,inside_gap,0.54,0.5
2026-08-07T06:56:30Z,2026-08-07T06:56:26.660Z,2026-08-07T06:52:05Z,Wyndham Championship,Sedgefield Country Club,2,2,32457,"Keefer, Johnny",USA,Birdies,over,4.5,-108,-108,-130,draftkings,4.86,0.5628,0.5192,4.35,2.13,NO,inside_gap,0.36,1
2026-08-07T06:56:30Z,2026-08-07T06:56:26.660Z,2026-08-07T06:52:05Z,Wyndham Championship,Sedgefield Country Club,2,2,32457,"Keefer, Johnny",USA,Birdies,under,4.5,-130,-108,-130,draftkings,4.86,0.4372,0.5652,-12.8,2.13,NO,inside_gap,0.36,0.5
2026-08-07T06:56:30Z,2026-08-07T06:56:26.660Z,2026-08-07T06:52:05Z,Wyndham Championship,Sedgefield Country Club,2,2,8825,"Harman, Brian",USA,Birdies,over,4.5,-110,-110,-130,draftkings,5.04,0.5912,0.5238,6.74,2.411,NO,inside_gap,0.54,1
2026-08-07T06:56:30Z,2026-08-07T06:56:26.660Z,2026-08-07T06:52:05Z,Wyndham Championship,Sedgefield Country Club,2,2,8825,"Harman, Brian",USA,Birdies,under,4.5,-130,-110,-130,draftkings,5.04,0.4088,0.5652,-15.64,2.411,NO,inside_gap,0.54,0.5
2026-08-07T06:56:30Z,2026-08-07T06:56:26.660Z,2026-08-07T06:52:05Z,Wyndham Championship,Sedgefield Country Club,2,2,17543,"Kim, Michael",USA,Birdies,over,4.5,-110,-110,-128,draftkings,5.09,0.5998,0.5238,7.6,2.534,NO,inside_gap,0.59,1
2026-08-07T06:56:30Z,2026-08-07T06:56:26.660Z,2026-08-07T06:52:05Z,Wyndham Championship,Sedgefield Country Club,2,2,17543,"Kim, Michael",USA,Birdies,under,4.5,-128,-110,-128,draftkings,5.09,0.4002,0.5614,-16.12,2.534,NO,inside_gap,0.59,0.5
2026-08-07T06:56:30Z,2026-08-07T06:56:26.660Z,2026-08-07T06:52:05Z,Wyndham Championship,Sedgefield Country Club,2,2,23841,"Neergaard-Petersen, Rasmus",DEN,Birdies,over,4.5,-102,-102,-138,draftkings,4.64,0.5244,0.505,1.95,1.792,NO,inside_gap,0.14,1
2026-08-07T06:56:30Z,2026-08-07T06:56:26.660Z,2026-08-07T06:52:05Z,Wyndham Championship,Sedgefield Country Club,2,2,23841,"Neergaard-Petersen, Rasmus",DEN,Birdies,under,4.5,-138,-102,-138,draftkings,4.64,0.4756,0.5798,-10.42,1.792,NO,inside_gap,0.14,0.5
2026-08-07T06:56:30Z,2026-08-07T06:56:26.660Z,2026-08-07T06:52:05Z,Wyndham Championship,Sedgefield Country Club,2,2,18634,"McNealy, Maverick",USA,Birdies,over,4.5,-132,-132,-108,draftkings,4.99,0.5841,0.569,1.51,2.019,NO,inside_gap,0.49,1
2026-08-07T06:56:30Z,2026-08-07T06:56:26.660Z,2026-08-07T06:52:05Z,Wyndham Championship,Sedgefield Country Club,2,2,18634,"McNealy, Maverick",USA,Birdies,under,4.5,-108,-132,-108,draftkings,4.99,0.4159,0.5192,-10.33,2.019,NO,inside_gap,0.49,0.5
2026-08-07T06:56:30Z,2026-08-07T06:56:26.660Z,2026-08-07T06:52:05Z,Wyndham Championship,Sedgefield Country Club,2,2,18586,"Smith, Jordan",ENG,Birdies,over,4.5,-112,-112,-126,draftkings,4.66,0.5277,0.5283,-0.06,1.887,NO,inside_gap,0.16,1
2026-08-07T06:56:30Z,2026-08-07T06:56:26.660Z,2026-08-07T06:52:05Z,Wyndham Championship,Sedgefield Country Club,2,2,18586,"Smith, Jordan",ENG,Birdies,under,4.5,-126,-112,-126,draftkings,4.66,0.4723,0.5575,-8.53,1.887,NO,inside_gap,0.16,0.5
2026-08-07T06:56:30Z,2026-08-07T06:56:26.660Z,2026-08-07T06:52:05Z,Wyndham Championship,Sedgefield Country Club,2,2,28635,"McCarty, Matt",USA,Birdies,over,4.5,108,108,-154,draftkings,4.75,0.5443,0.4808,6.35,1.899,NO,inside_gap,0.25,1
2026-08-07T06:56:30Z,2026-08-07T06:56:26.660Z,2026-08-07T06:52:05Z,Wyndham Championship,Sedgefield Country Club,2,2,28635,"McCarty, Matt",USA,Birdies,under,4.5,-154,108,-154,draftkings,4.75,0.4557,0.6063,-15.06,1.899,NO,inside_gap,0.25,0.5
2026-08-07T06:56:30Z,2026-08-07T06:56:26.660Z,2026-08-07T06:52:05Z,Wyndham Championship,Sedgefield Country Club,2,2,23838,"Hojgaard, Rasmus",DEN,Birdies,over,4.5,-114,-114,-124,draftkings,5.33,0.6355,0.5327,10.27,2.283,NO,inside_gap,0.83,1
2026-08-07T06:56:30Z,2026-08-07T06:56:26.660Z,2026-08-07T06:52:05Z,Wyndham Championship,Sedgefield Country Club,2,2,23838,"Hojgaard, Rasmus",DEN,Birdies,under,4.5,-124,-114,-124,draftkings,5.33,0.3645,0.5536,-18.9,2.283,NO,inside_gap,0.83,0.5
2026-08-07T06:56:30Z,2026-08-07T06:56:26.660Z,2026-08-07T06:52:05Z,Wyndham Championship,Sedgefield Country Club,2,2,13562,"Matsuyama, Hideki",JPN,Birdies,over,4.5,-154,-154,110,draftkings,5.25,0.6241,0.6063,1.78,2.841,NO,inside_gap,0.75,1
2026-08-07T06:56:30Z,2026-08-07T06:56:26.660Z,2026-08-07T06:52:05Z,Wyndham Championship,Sedgefield Country Club,2,2,13562,"Matsuyama, Hideki",JPN,Birdies,under,4.5,110,-154,110,draftkings,5.25,0.3759,0.4762,-10.02,2.841,NO,inside_gap,0.75,0.5
2026-08-07T06:56:30Z,2026-08-07T06:56:26.660Z,2026-08-07T06:52:05Z,Wyndham Championship,Sedgefield Country Club,2,2,23014,"Theegala, Sahith",USA,Birdies,over,4.5,-110,-110,-130,draftkings,4.81,0.5544,0.5238,3.06,2.029,NO,inside_gap,0.31,1
2026-08-07T06:56:30Z,2026-08-07T06:56:26.660Z,2026-08-07T06:52:05Z,Wyndham Championship,Sedgefield Country Club,2,2,23014,"Theegala, Sahith",USA,Birdies,under,4.5,-130,-110,-130,draftkings,4.81,0.4456,0.5652,-11.96,2.029,NO,inside_gap,0.31,0.5
2026-08-07T06:56:30Z,2026-08-07T06:56:26.660Z,2026-08-07T06:52:05Z,Wyndham Championship,Sedgefield Country Club,2,2,20722,"Schmid, Matti",GER,Birdies,over,4.5,118,118,-166,draftkings,4.53,0.5059,0.4587,4.72,1.639,NO,inside_gap,0.03,1
2026-08-07T06:56:30Z,2026-08-07T06:56:26.660Z,2026-08-07T06:52:05Z,Wyndham Championship,Sedgefield Country Club,2,2,20722,"Schmid, Matti",GER,Birdies,under,4.5,-166,118,-166,draftkings,4.53,0.4941,0.6241,-13,1.639,NO,inside_gap,0.03,0.5
2026-08-07T06:56:30Z,2026-08-07T06:56:26.660Z,2026-08-07T06:52:05Z,Wyndham Championship,Sedgefield Country Club,2,2,14577,"English, Harris",USA,Birdies,over,4.5,-114,-114,-124,draftkings,4.7,0.5347,0.5327,0.2,1.828,NO,inside_gap,0.2,1
2026-08-07T06:56:30Z,2026-08-07T06:56:26.660Z,2026-08-07T06:52:05Z,Wyndham Championship,Sedgefield Country Club,2,2,14577,"English, Harris",USA,Birdies,under,4.5,-124,-114,-124,draftkings,4.7,0.4653,0.5536,-8.82,1.828,NO,inside_gap,0.2,0.5
2026-08-07T06:56:30Z,2026-08-07T06:56:26.660Z,2026-08-07T06:52:05Z,Wyndham Championship,Sedgefield Country Club,2,2,21554,"Poston, J.T.",USA,Birdies,over,4.5,-105,-105,-134,draftkings,4.79,0.5499,0.5122,3.77,1.964,NO,inside_gap,0.29,1
2026-08-07T06:56:30Z,2026-08-07T06:56:26.660Z,2026-08-07T06:52:05Z,Wyndham Championship,Sedgefield Country Club,2,2,21554,"Poston, J.T.",USA,Birdies,under,4.5,-134,-105,-134,draftkings,4.79,0.4501,0.5726,-12.25,1.964,NO,inside_gap,0.29,0.5
2026-08-07T06:56:30Z,2026-08-07T06:56:26.660Z,2026-08-07T06:52:05Z,Wyndham Championship,Sedgefield Country Club,2,2,24766,"Kim, Tom",KOR,Birdies,over,4.5,-124,-124,-115,draftkings,5.04,0.592,0.5536,3.84,2.557,NO,inside_gap,0.54,1
2026-08-07T06:56:30Z,2026-08-07T06:56:26.660Z,2026-08-07T06:52:05Z,Wyndham Championship,Sedgefield Country Club,2,2,24766,"Kim, Tom",KOR,Birdies,under,4.5,-115,-124,-115,draftkings,5.04,0.408,0.5349,-12.69,2.557,NO,inside_gap,0.54,0.5
2026-08-07T06:56:30Z,2026-08-07T06:56:26.660Z,2026-08-07T06:52:05Z,Wyndham Championship,Sedgefield Country Club,2,2,13126,"Taylor, Nick",CAN,Birdies,over,4.5,100,100,-142,draftkings,4.89,0.5675,0.5,6.75,2.229,NO,inside_gap,0.39,1
2026-08-07T06:56:30Z,2026-08-07T06:56:26.660Z,2026-08-07T06:52:05Z,Wyndham Championship,Sedgefield Country Club,2,2,13126,"Taylor, Nick",CAN,Birdies,under,4.5,-142,100,-142,draftkings,4.89,0.4325,0.5868,-15.43,2.229,NO,inside_gap,0.39,0.5
2026-08-07T06:56:30Z,2026-08-07T06:56:26.660Z,2026-08-07T06:52:05Z,Wyndham Championship,Sedgefield Country Club,2,2,23465,"Greyserman, Max",USA,Birdies,over,4.5,-108,-108,-132,draftkings,5.32,0.6339,0.5192,11.46,2.607,NO,inside_gap,0.82,1
2026-08-07T06:56:30Z,2026-08-07T06:56:26.660Z,2026-08-07T06:52:05Z,Wyndham Championship,Sedgefield Country Club,2,2,23465,"Greyserman, Max",USA,Birdies,under,4.5,-132,-108,-132,draftkings,5.32,0.3661,0.569,-20.28,2.607,NO,inside_gap,0.82,0.5
2026-08-07T06:56:30Z,2026-08-07T06:56:26.660Z,2026-08-07T06:52:05Z,Wyndham Championship,Sedgefield Country Club,2,2,14502,"Cauley, Bud",USA,Birdies,over,4.5,-104,-104,-136,draftkings,4.42,0.4861,0.5098,-2.37,1.59,NO,inside_gap,-0.08,1
2026-08-07T06:56:30Z,2026-08-07T06:56:26.660Z,2026-08-07T06:52:05Z,Wyndham Championship,Sedgefield Country Club,2,2,14502,"Cauley, Bud",USA,Birdies,under,4.5,-136,-104,-136,draftkings,4.42,0.5139,0.5763,-6.24,1.59,NO,inside_gap,-0.08,0.5
2026-08-07T06:56:30Z,2026-08-07T06:56:26.660Z,2026-08-07T06:52:05Z,Wyndham Championship,Sedgefield Country Club,2,2,18474,"Smalley, Alex",USA,Birdies,over,4.5,-112,-112,-126,draftkings,5.16,0.6101,0.5283,8.18,2.466,NO,inside_gap,0.66,1
2026-08-07T06:56:30Z,2026-08-07T06:56:26.660Z,2026-08-07T06:52:05Z,Wyndham Championship,Sedgefield Country Club,2,2,18474,"Smalley, Alex",USA,Birdies,under,4.5,-126,-112,-126,draftkings,5.16,0.3899,0.5575,-16.76,2.466,NO,inside_gap,0.66,0.5
2026-08-07T06:56:30Z,2026-08-07T06:56:26.660Z,2026-08-07T06:52:05Z,Wyndham Championship,Sedgefield Country Club,2,2,11276,"Horschel, Billy",USA,Birdies,over,4.5,-114,-114,-124,draftkings,4.83,0.5576,0.5327,2.49,1.895,NO,inside_gap,0.33,1
2026-08-07T06:56:30Z,2026-08-07T06:56:26.660Z,2026-08-07T06:52:05Z,Wyndham Championship,Sedgefield Country Club,2,2,11276,"Horschel, Billy",USA,Birdies,under,4.5,-124,-114,-124,draftkings,4.83,0.4424,0.5536,-11.12,1.895,NO,inside_gap,0.33,0.5
2026-08-07T06:56:30Z,2026-08-07T06:56:26.660Z,2026-08-07T06:52:05Z,Wyndham Championship,Sedgefield Country Club,2,2,13872,"Bradley, Keegan",USA,Birdies,over,4.5,-122,-122,-115,draftkings,4.66,0.5276,0.5495,-2.2,2.017,NO,inside_gap,0.16,1
2026-08-07T06:56:30Z,2026-08-07T06:56:26.660Z,2026-08-07T06:52:05Z,Wyndham Championship,Sedgefield Country Club,2,2,13872,"Bradley, Keegan",USA,Birdies,under,4.5,-115,-122,-115,draftkings,4.66,0.4724,0.5349,-6.24,2.017,NO,inside_gap,0.16,0.5
2026-08-07T06:56:30Z,2026-08-07T06:56:26.660Z,2026-08-07T06:52:05Z,Wyndham Championship,Sedgefield Country Club,2,2,23475,"Novak, Andrew",USA,Birdies,over,4.5,106,106,-150,draftkings,4.61,0.5204,0.4854,3.49,1.85,NO,inside_gap,0.11,1
2026-08-07T06:56:30Z,2026-08-07T06:56:26.660Z,2026-08-07T06:52:05Z,Wyndham Championship,Sedgefield Country Club,2,2,23475,"Novak, Andrew",USA,Birdies,under,4.5,-150,106,-150,draftkings,4.61,0.4796,0.6,-12.04,1.85,NO,inside_gap,0.11,0.5
2026-08-07T06:56:30Z,2026-08-07T06:56:26.660Z,2026-08-07T06:52:05Z,Wyndham Championship,Sedgefield Country Club,2,2,21756,"Cole, Eric",USA,Birdies,over,4.5,-110,-110,-128,draftkings,5.3,0.6315,0.5238,10.77,2.485,NO,inside_gap,0.8,1
2026-08-07T06:56:30Z,2026-08-07T06:56:26.660Z,2026-08-07T06:52:05Z,Wyndham Championship,Sedgefield Country Club,2,2,21756,"Cole, Eric",USA,Birdies,under,4.5,-128,-110,-128,draftkings,5.3,0.3685,0.5614,-19.29,2.485,NO,inside_gap,0.8,0.5
2026-08-07T06:56:30Z,2026-08-07T06:56:26.660Z,2026-08-07T06:52:05Z,Wyndham Championship,Sedgefield Country Club,2,2,16243,"Koepka, Brooks",USA,Birdies,over,4.5,-136,-136,-104,draftkings,4.72,0.5388,0.5763,-3.75,1.735,NO,inside_gap,0.22,1
2026-08-07T06:56:30Z,2026-08-07T06:56:26.660Z,2026-08-07T06:52:05Z,Wyndham Championship,Sedgefield Country Club,2,2,16243,"Koepka, Brooks",USA,Birdies,under,4.5,-104,-136,-104,draftkings,4.72,0.4612,0.5098,-4.86,1.735,NO,inside_gap,0.22,0.5
2026-08-07T06:56:30Z,2026-08-07T06:56:26.660Z,2026-08-07T06:52:05Z,Wyndham Championship,Sedgefield Country Club,2,2,27364,"Thompson, Davis",USA,Birdies,over,4.5,-118,-118,-120,draftkings,4.92,0.5725,0.5413,3.12,2.449,NO,inside_gap,0.42,1
2026-08-07T06:56:30Z,2026-08-07T06:56:26.660Z,2026-08-07T06:52:05Z,Wyndham Championship,Sedgefield Country Club,2,2,27364,"Thompson, Davis",USA,Birdies,under,4.5,-120,-118,-120,draftkings,4.92,0.4275,0.5455,-11.79,2.449,NO,inside_gap,0.42,0.5
2026-08-07T06:56:30Z,2026-08-07T06:56:26.660Z,2026-08-07T06:52:05Z,Wyndham Championship,Sedgefield Country Club,2,2,25362,"Fitzpatrick, Alex",ENG,Birdies,over,4.5,-124,-124,-115,draftkings,4.58,0.5151,0.5536,-3.85,1.771,NO,inside_gap,0.08,1
2026-08-07T06:56:30Z,2026-08-07T06:56:26.660Z,2026-08-07T06:52:05Z,Wyndham Championship,Sedgefield Country Club,2,2,25362,"Fitzpatrick, Alex",ENG,Birdies,under,4.5,-115,-124,-115,draftkings,4.58,0.4849,0.5349,-4.99,1.771,NO,inside_gap,0.08,0.5
2026-08-07T06:56:30Z,2026-08-07T06:56:26.660Z,2026-08-07T06:52:05Z,Wyndham Championship,Sedgefield Country Club,2,2,26651,"Young, Cameron",USA,Birdies,over,5.5,114,114,-160,draftkings,5.16,0.4426,0.4673,-2.47,2.829,NO,inside_gap,-0.34,1
2026-08-07T06:56:30Z,2026-08-07T06:56:26.660Z,2026-08-07T06:52:05Z,Wyndham Championship,Sedgefield Country Club,2,2,26651,"Young, Cameron",USA,Birdies,under,5.5,-160,114,-160,draftkings,5.16,0.5574,0.6154,-5.8,2.829,NO,inside_gap,-0.34,0.5
2026-08-07T06:56:30Z,2026-08-07T06:56:26.660Z,2026-08-07T06:52:05Z,Wyndham Championship,Sedgefield Country Club,2,2,29197,"Brennan, Michael",USA,Birdies,over,4.5,-115,-115,-122,draftkings,4.81,0.5539,0.5349,1.9,1.851,NO,inside_gap,0.31,1
2026-08-07T06:56:30Z,2026-08-07T06:56:26.660Z,2026-08-07T06:52:05Z,Wyndham Championship,Sedgefield Country Club,2,2,29197,"Brennan, Michael",USA,Birdies,under,4.5,-122,-115,-122,draftkings,4.81,0.4461,0.5495,-10.35,1.851,NO,inside_gap,0.31,0.5
2026-08-07T06:56:30Z,2026-08-07T06:56:26.660Z,2026-08-07T06:52:05Z,Wyndham Championship,Sedgefield Country Club,2,2,16395,"Kohles, Ben",USA,Birdies,over,4.5,100,100,-140,draftkings,4.95,0.5765,0.5,7.65,2.394,NO,inside_gap,0.45,1
2026-08-07T06:56:30Z,2026-08-07T06:56:26.660Z,2026-08-07T06:52:05Z,Wyndham Championship,Sedgefield Country Club,2,2,16395,"Kohles, Ben",USA,Birdies,under,4.5,-140,100,-140,draftkings,4.95,0.4235,0.5833,-15.98,2.394,NO,inside_gap,0.45,0.5
2026-08-07T06:56:30Z,2026-08-07T06:56:26.660Z,2026-08-07T06:52:05Z,Wyndham Championship,Sedgefield Country Club,2,2,32319,"Koivun, Jackson",USA,Birdies,over,4.5,-172,-172,122,draftkings,5.58,0.6697,0.6324,3.74,3.235,YES,policy,1.08,1
2026-08-07T06:56:30Z,2026-08-07T06:56:26.660Z,2026-08-07T06:52:05Z,Wyndham Championship,Sedgefield Country Club,2,2,32319,"Koivun, Jackson",USA,Birdies,under,4.5,122,-172,122,draftkings,5.58,0.3303,0.4505,-12.02,3.235,NO,wrong_side,1.08,1
2026-08-07T06:56:30Z,2026-08-07T06:56:26.660Z,2026-08-07T06:52:05Z,Wyndham Championship,Sedgefield Country Club,2,2,22465,"Penge, Marco",ENG,Birdies,over,4.5,-112,-112,-126,draftkings,4.46,0.4933,0.5283,-3.5,1.346,NO,inside_gap,-0.04,1
2026-08-07T06:56:30Z,2026-08-07T06:56:26.660Z,2026-08-07T06:52:05Z,Wyndham Championship,Sedgefield Country Club,2,2,22465,"Penge, Marco",ENG,Birdies,under,4.5,-126,-112,-126,draftkings,4.46,0.5067,0.5575,-5.08,1.346,NO,inside_gap,-0.04,0.5
2026-08-07T06:56:30Z,2026-08-07T06:56:26.660Z,2026-08-07T06:52:05Z,Wyndham Championship,Sedgefield Country Club,2,2,22833,"Echavarria, Nico",COL,Birdies,over,4.5,-104,-104,-138,draftkings,4.77,0.5475,0.5098,3.77,2.163,NO,inside_gap,0.27,1
2026-08-07T06:56:30Z,2026-08-07T06:56:26.660Z,2026-08-07T06:52:05Z,Wyndham Championship,Sedgefield Country Club,2,2,22833,"Echavarria, Nico",COL,Birdies,under,4.5,-138,-104,-138,draftkings,4.77,0.4525,0.5798,-12.73,2.163,NO,inside_gap,0.27,0.5
2026-08-07T06:56:30Z,2026-08-07T06:56:26.660Z,2026-08-07T06:52:05Z,Wyndham Championship,Sedgefield Country Club,2,2,17365,"Mitchell, Keith",USA,Birdies,over,4.5,-130,-130,-110,draftkings,4.99,0.5829,0.5652,1.77,2.656,NO,inside_gap,0.49,1
2026-08-07T06:56:30Z,2026-08-07T06:56:26.660Z,2026-08-07T06:52:05Z,Wyndham Championship,Sedgefield Country Club,2,2,17365,"Mitchell, Keith",USA,Birdies,under,4.5,-110,-130,-110,draftkings,4.99,0.4171,0.5238,-10.68,2.656,NO,inside_gap,0.49,0.5
2026-08-07T06:56:30Z,2026-08-07T06:56:26.660Z,2026-08-07T06:52:05Z,Wyndham Championship,Sedgefield Country Club,2,2,8820,"Snedeker, Brandt",USA,Birdies,over,4.5,122,122,-172,draftkings,4.8,0.5519,0.4505,10.15,2.21,NO,inside_gap,0.3,1
2026-08-07T06:56:30Z,2026-08-07T06:56:26.660Z,2026-08-07T06:52:05Z,Wyndham Championship,Sedgefield Country Club,2,2,8820,"Snedeker, Brandt",USA,Birdies,under,4.5,-172,122,-172,draftkings,4.8,0.4481,0.6324,-18.43,2.21,NO,inside_gap,0.3,0.5
2026-08-07T06:56:30Z,2026-08-07T06:56:26.660Z,2026-08-07T06:52:05Z,Wyndham Championship,Sedgefield Country Club,2,2,17488,"Im, Sungjae",KOR,Birdies,over,4.5,-122,-122,-116,draftkings,4.95,0.5775,0.5495,2.79,2.099,NO,inside_gap,0.45,1
2026-08-07T06:56:30Z,2026-08-07T06:56:26.660Z,2026-08-07T06:52:05Z,Wyndham Championship,Sedgefield Country Club,2,2,17488,"Im, Sungjae",KOR,Birdies,under,4.5,-116,-122,-116,draftkings,4.95,0.4225,0.537,-11.45,2.099,NO,inside_gap,0.45,0.5
2026-08-07T06:56:30Z,2026-08-07T06:56:26.660Z,2026-08-07T06:52:05Z,Wyndham Championship,Sedgefield Country Club,2,2,24968,"Griffin, Ben",USA,Birdies,over,4.5,-138,-138,-104,draftkings,5.17,0.6113,0.5798,3.15,2.937,NO,inside_gap,0.67,1
2026-08-07T06:56:30Z,2026-08-07T06:56:26.660Z,2026-08-07T06:52:05Z,Wyndham Championship,Sedgefield Country Club,2,2,24968,"Griffin, Ben",USA,Birdies,under,4.5,-104,-138,-104,draftkings,5.17,0.3887,0.5098,-12.11,2.937,NO,inside_gap,0.67,0.5
2026-08-07T06:56:30Z,2026-08-07T06:56:26.660Z,2026-08-07T06:52:05Z,Wyndham Championship,Sedgefield Country Club,2,2,14502,"Cauley, Bud",USA,Pars,over,11.5,-105,-105,-134,draftkings,10.94,0.4332,0.5122,-7.9,1.59,NO,wrong_side,-0.56,0
2026-08-07T06:56:30Z,2026-08-07T06:56:26.660Z,2026-08-07T06:52:05Z,Wyndham Championship,Sedgefield Country Club,2,2,14502,"Cauley, Bud",USA,Pars,under,11.5,-134,-105,-134,draftkings,10.94,0.5668,0.5726,-0.58,1.59,NO,odds_floor,-0.56,0
2026-08-07T06:56:30Z,2026-08-07T06:56:26.660Z,2026-08-07T06:52:05Z,Wyndham Championship,Sedgefield Country Club,2,2,24968,"Griffin, Ben",USA,Pars,over,11.5,104,104,-146,draftkings,10.85,0.4233,0.4902,-6.69,2.937,NO,wrong_side,-0.65,0
2026-08-07T06:56:30Z,2026-08-07T06:56:26.660Z,2026-08-07T06:52:05Z,Wyndham Championship,Sedgefield Country Club,2,2,24968,"Griffin, Ben",USA,Pars,under,11.5,-146,104,-146,draftkings,10.85,0.5767,0.5935,-1.68,2.937,NO,odds_floor,-0.65,0
2026-08-07T06:56:30Z,2026-08-07T06:56:26.660Z,2026-08-07T06:52:05Z,Wyndham Championship,Sedgefield Country Club,2,2,27364,"Thompson, Davis",USA,Pars,over,11.5,108,108,-152,draftkings,10.83,0.4205,0.4808,-6.03,2.449,NO,wrong_side,-0.67,0
2026-08-07T06:56:30Z,2026-08-07T06:56:26.660Z,2026-08-07T06:52:05Z,Wyndham Championship,Sedgefield Country Club,2,2,27364,"Thompson, Davis",USA,Pars,under,11.5,-152,108,-152,draftkings,10.83,0.5795,0.6032,-2.37,2.449,NO,odds_floor,-0.67,0
2026-08-07T06:56:30Z,2026-08-07T06:56:26.660Z,2026-08-07T06:52:05Z,Wyndham Championship,Sedgefield Country Club,2,2,18586,"Smith, Jordan",ENG,Pars,over,11.5,105,105,-148,draftkings,10.9,0.4287,0.4878,-5.91,1.887,NO,wrong_side,-0.6,0
2026-08-07T06:56:30Z,2026-08-07T06:56:26.660Z,2026-08-07T06:52:05Z,Wyndham Championship,Sedgefield Country Club,2,2,18586,"Smith, Jordan",ENG,Pars,under,11.5,-148,105,-148,draftkings,10.9,0.5713,0.5968,-2.55,1.887,NO,odds_floor,-0.6,0
2026-08-07T06:56:30Z,2026-08-07T06:56:26.660Z,2026-08-07T06:52:05Z,Wyndham Championship,Sedgefield Country Club,2,2,15470,"Hossler, Beau",USA,Pars,over,11.5,100,100,-142,draftkings,10.9,0.4286,0.5,-7.14,2.139,NO,wrong_side,-0.6,0
2026-08-07T06:56:30Z,2026-08-07T06:56:26.660Z,2026-08-07T06:52:05Z,Wyndham Championship,Sedgefield Country Club,2,2,15470,"Hossler, Beau",USA,Pars,under,11.5,-142,100,-142,draftkings,10.9,0.5714,0.5868,-1.54,2.139,NO,odds_floor,-0.6,0
2026-08-07T06:56:30Z,2026-08-07T06:56:26.660Z,2026-08-07T06:52:05Z,Wyndham Championship,Sedgefield Country Club,2,2,21756,"Cole, Eric",USA,Pars,over,11.5,112,112,-160,draftkings,10.43,0.3743,0.4717,-9.74,2.485,NO,wrong_side,-1.07,0
2026-08-07T06:56:30Z,2026-08-07T06:56:26.660Z,2026-08-07T06:52:05Z,Wyndham Championship,Sedgefield Country Club,2,2,21756,"Cole, Eric",USA,Pars,under,11.5,-160,112,-160,draftkings,10.43,0.6257,0.6154,1.03,2.485,NO,odds_floor,-1.07,0
2026-08-07T06:56:30Z,2026-08-07T06:56:26.660Z,2026-08-07T06:52:05Z,Wyndham Championship,Sedgefield Country Club,2,2,29827,"James, Ben",USA,Pars,over,11.5,116,116,-164,draftkings,10.75,0.4112,0.463,-5.18,2.328,NO,wrong_side,-0.75,0
2026-08-07T06:56:30Z,2026-08-07T06:56:26.660Z,2026-08-07T06:52:05Z,Wyndham Championship,Sedgefield Country Club,2,2,29827,"James, Ben",USA,Pars,under,11.5,-164,116,-164,draftkings,10.75,0.5888,0.6212,-3.24,2.328,NO,odds_floor,-0.75,0
2026-08-07T06:56:30Z,2026-08-07T06:56:26.660Z,2026-08-07T06:52:05Z,Wyndham Championship,Sedgefield Country Club,2,2,19870,"McCarthy, Denny",USA,Pars,over,11.5,-108,-108,-132,draftkings,10.63,0.3977,0.5192,-12.16,1.979,NO,wrong_side,-0.87,0
2026-08-07T06:56:30Z,2026-08-07T06:56:26.660Z,2026-08-07T06:52:05Z,Wyndham Championship,Sedgefield Country Club,2,2,19870,"McCarthy, Denny",USA,Pars,under,11.5,-132,-108,-132,draftkings,10.63,0.6023,0.569,3.34,1.979,NO,odds_floor,-0.87,0
2026-08-07T06:56:30Z,2026-08-07T06:56:26.660Z,2026-08-07T06:52:05Z,Wyndham Championship,Sedgefield Country Club,2,2,23014,"Theegala, Sahith",USA,Pars,over,11.5,116,116,-162,draftkings,10.75,0.4111,0.463,-5.19,2.029,NO,wrong_side,-0.75,0
2026-08-07T06:56:30Z,2026-08-07T06:56:26.660Z,2026-08-07T06:52:05Z,Wyndham Championship,Sedgefield Country Club,2,2,23014,"Theegala, Sahith",USA,Pars,under,11.5,-162,116,-162,draftkings,10.75,0.5889,0.6183,-2.94,2.029,NO,odds_floor,-0.75,0
2026-08-07T06:56:30Z,2026-08-07T06:56:26.660Z,2026-08-07T06:52:05Z,Wyndham Championship,Sedgefield Country Club,2,2,26651,"Young, Cameron",USA,Pars,over,10.5,-160,-160,114,draftkings,11.48,0.6153,0.6154,-0.01,2.829,YES,policy,0.98,0
2026-08-07T06:56:30Z,2026-08-07T06:56:26.660Z,2026-08-07T06:52:05Z,Wyndham Championship,Sedgefield Country Club,2,2,26651,"Young, Cameron",USA,Pars,under,10.5,114,-160,114,draftkings,11.48,0.3847,0.4673,-8.26,2.829,NO,wrong_side,0.98,0
2026-08-07T06:56:30Z,2026-08-07T06:56:26.660Z,2026-08-07T06:52:05Z,Wyndham Championship,Sedgefield Country Club,2,2,16243,"Koepka, Brooks",USA,Pars,over,10.5,-152,-152,108,draftkings,10.78,0.5338,0.6032,-6.94,1.735,YES,policy,0.28,0
2026-08-07T06:56:30Z,2026-08-07T06:56:26.660Z,2026-08-07T06:52:05Z,Wyndham Championship,Sedgefield Country Club,2,2,16243,"Koepka, Brooks",USA,Pars,under,10.5,108,-152,108,draftkings,10.78,0.4662,0.4808,-1.45,1.735,NO,wrong_side,0.28,0
2026-08-07T06:56:30Z,2026-08-07T06:56:26.660Z,2026-08-07T06:52:05Z,Wyndham Championship,Sedgefield Country Club,2,2,18554,"Rai, Aaron",ENG,Pars,over,11.5,-114,-114,-124,draftkings,11.3,0.4758,0.5327,-5.69,2.28,NO,wrong_side,-0.2,0
2026-08-07T06:56:30Z,2026-08-07T06:56:26.660Z,2026-08-07T06:52:05Z,Wyndham Championship,Sedgefield Country Club,2,2,18554,"Rai, Aaron",ENG,Pars,under,11.5,-124,-114,-124,draftkings,11.3,0.5242,0.5536,-2.94,2.28,NO,odds_floor,-0.2,0
2026-08-07T06:56:30Z,2026-08-07T06:56:26.660Z,2026-08-07T06:52:05Z,Wyndham Championship,Sedgefield Country Club,2,2,17365,"Mitchell, Keith",USA,Pars,over,10.5,-170,-170,120,draftkings,10.85,0.5418,0.6296,-8.78,2.656,YES,policy,0.35,0
2026-08-07T06:56:30Z,2026-08-07T06:56:26.660Z,2026-08-07T06:52:05Z,Wyndham Championship,Sedgefield Country Club,2,2,17365,"Mitchell, Keith",USA,Pars,under,10.5,120,-170,120,draftkings,10.85,0.4582,0.4545,0.36,2.656,NO,wrong_side,0.35,0
2026-08-07T06:56:30Z,2026-08-07T06:56:26.660Z,2026-08-07T06:52:05Z,Wyndham Championship,Sedgefield Country Club,2,2,29767,"Gerard, Ryan",USA,Pars,over,11.5,114,114,-160,draftkings,10.68,0.4035,0.4673,-6.37,2.614,NO,wrong_side,-0.82,0
2026-08-07T06:56:30Z,2026-08-07T06:56:26.660Z,2026-08-07T06:52:05Z,Wyndham Championship,Sedgefield Country Club,2,2,29767,"Gerard, Ryan",USA,Pars,under,11.5,-160,114,-160,draftkings,10.68,0.5965,0.6154,-1.89,2.614,NO,odds_floor,-0.82,0
2026-08-07T06:56:30Z,2026-08-07T06:56:26.660Z,2026-08-07T06:52:05Z,Wyndham Championship,Sedgefield Country Club,2,2,24550,"Ghim, Doug",USA,Pars,over,11.5,-105,-105,-134,draftkings,10.9,0.4287,0.5122,-8.35,2.776,NO,wrong_side,-0.6,0
2026-08-07T06:56:30Z,2026-08-07T06:56:26.660Z,2026-08-07T06:52:05Z,Wyndham Championship,Sedgefield Country Club,2,2,24550,"Ghim, Doug",USA,Pars,under,11.5,-134,-105,-134,draftkings,10.9,0.5713,0.5726,-0.13,2.776,NO,odds_floor,-0.6,0
2026-08-07T06:56:30Z,2026-08-07T06:56:26.660Z,2026-08-07T06:52:05Z,Wyndham Championship,Sedgefield Country Club,2,2,25362,"Fitzpatrick, Alex",ENG,Pars,over,11.5,106,106,-152,draftkings,11.31,0.4771,0.4854,-0.83,1.771,NO,wrong_side,-0.19,0
2026-08-07T06:56:30Z,2026-08-07T06:56:26.660Z,2026-08-07T06:52:05Z,Wyndham Championship,Sedgefield Country Club,2,2,25362,"Fitzpatrick, Alex",ENG,Pars,under,11.5,-152,106,-152,draftkings,11.31,0.5229,0.6032,-8.03,1.771,NO,odds_floor,-0.19,0
2026-08-07T06:56:30Z,2026-08-07T06:56:26.660Z,2026-08-07T06:52:05Z,Wyndham Championship,Sedgefield Country Club,2,2,24766,"Kim, Tom",KOR,Pars,over,11.5,102,102,-144,draftkings,10.88,0.4264,0.495,-6.87,2.557,NO,wrong_side,-0.62,0
2026-08-07T06:56:30Z,2026-08-07T06:56:26.660Z,2026-08-07T06:52:05Z,Wyndham Championship,Sedgefield Country Club,2,2,24766,"Kim, Tom",KOR,Pars,under,11.5,-144,102,-144,draftkings,10.88,0.5736,0.5902,-1.65,2.557,NO,odds_floor,-0.62,0
2026-08-07T06:56:30Z,2026-08-07T06:56:26.660Z,2026-08-07T06:52:05Z,Wyndham Championship,Sedgefield Country Club,2,2,32319,"Koivun, Jackson",USA,Pars,over,10.5,-172,-172,122,draftkings,10.64,0.5167,0.6324,-11.57,3.235,YES,policy,0.14,0
2026-08-07T06:56:30Z,2026-08-07T06:56:26.660Z,2026-08-07T06:52:05Z,Wyndham Championship,Sedgefield Country Club,2,2,32319,"Koivun, Jackson",USA,Pars,under,10.5,122,-172,122,draftkings,10.64,0.4833,0.4505,3.29,3.235,NO,wrong_side,0.14,0
2026-08-07T06:56:30Z,2026-08-07T06:56:26.660Z,2026-08-07T06:52:05Z,Wyndham Championship,Sedgefield Country Club,2,2,13562,"Matsuyama, Hideki",JPN,Pars,over,11.5,116,116,-164,draftkings,10.75,0.4115,0.463,-5.14,2.841,NO,wrong_side,-0.75,0
2026-08-07T06:56:30Z,2026-08-07T06:56:26.660Z,2026-08-07T06:52:05Z,Wyndham Championship,Sedgefield Country Club,2,2,13562,"Matsuyama, Hideki",JPN,Pars,under,11.5,-164,116,-164,draftkings,10.75,0.5885,0.6212,-3.28,2.841,NO,odds_floor,-0.75,0
2026-08-07T06:56:30Z,2026-08-07T06:56:26.660Z,2026-08-07T06:52:05Z,Wyndham Championship,Sedgefield Country Club,2,2,14139,"Thomas, Justin",USA,Pars,over,11.5,124,124,-175,draftkings,10.79,0.4157,0.4464,-3.07,2.182,NO,wrong_side,-0.71,0
2026-08-07T06:56:30Z,2026-08-07T06:56:26.660Z,2026-08-07T06:52:05Z,Wyndham Championship,Sedgefield Country Club,2,2,14139,"Thomas, Justin",USA,Pars,under,11.5,-175,124,-175,draftkings,10.79,0.5843,0.6364,-5.21,2.182,NO,odds_floor,-0.71,0
2026-08-07T06:56:30Z,2026-08-07T06:56:26.660Z,2026-08-07T06:52:05Z,Wyndham Championship,Sedgefield Country Club,2,2,24766,"Kim, Tom",KOR,Bogeys,over,2.5,142,142,-200,draftkings,2.11,0.3992,0.4132,-1.4,2.557,NO,wrong_side,-0.68,0.5
2026-08-07T06:56:30Z,2026-08-07T06:56:26.660Z,2026-08-07T06:52:05Z,Wyndham Championship,Sedgefield Country Club,2,2,24766,"Kim, Tom",KOR,Bogeys,under,2.5,-200,142,-200,draftkings,2.11,0.6008,0.6667,-6.59,2.557,YES,policy,-0.68,0.5
2026-08-07T06:56:30Z,2026-08-07T06:56:26.660Z,2026-08-07T06:52:05Z,Wyndham Championship,Sedgefield Country Club,2,2,19870,"McCarthy, Denny",USA,Bogeys,over,2.5,106,106,-152,draftkings,2.52,0.5036,0.4854,1.82,1.979,NO,inside_gap,-0.28,0.9
2026-08-07T06:56:30Z,2026-08-07T06:56:26.660Z,2026-08-07T06:52:05Z,Wyndham Championship,Sedgefield Country Club,2,2,19870,"McCarthy, Denny",USA,Bogeys,under,2.5,-152,106,-152,draftkings,2.52,0.4964,0.6032,-10.68,1.979,NO,inside_gap,-0.28,0.5
2026-08-07T06:56:30Z,2026-08-07T06:56:26.660Z,2026-08-07T06:52:05Z,Wyndham Championship,Sedgefield Country Club,2,2,27364,"Thompson, Davis",USA,Bogeys,over,2.5,122,122,-172,draftkings,2.26,0.439,0.4505,-1.15,2.449,NO,wrong_side,-0.54,0.5
2026-08-07T06:56:30Z,2026-08-07T06:56:26.660Z,2026-08-07T06:52:05Z,Wyndham Championship,Sedgefield Country Club,2,2,27364,"Thompson, Davis",USA,Bogeys,under,2.5,-172,122,-172,draftkings,2.26,0.561,0.6324,-7.13,2.449,YES,policy,-0.54,0.5
2026-08-07T06:56:30Z,2026-08-07T06:56:26.660Z,2026-08-07T06:52:05Z,Wyndham Championship,Sedgefield Country Club,2,2,29767,"Gerard, Ryan",USA,Bogeys,over,2.5,146,146,-210,draftkings,2.35,0.4615,0.4065,5.5,2.614,NO,inside_gap,-0.45,0.9
2026-08-07T06:56:30Z,2026-08-07T06:56:26.660Z,2026-08-07T06:52:05Z,Wyndham Championship,Sedgefield Country Club,2,2,29767,"Gerard, Ryan",USA,Bogeys,under,2.5,-210,146,-210,draftkings,2.35,0.5385,0.6774,-13.89,2.614,NO,inside_gap,-0.45,0.5
2026-08-07T06:56:30Z,2026-08-07T06:56:26.660Z,2026-08-07T06:52:05Z,Wyndham Championship,Sedgefield Country Club,2,2,24550,"Ghim, Doug",USA,Bogeys,over,2.5,140,140,-198,draftkings,2.09,0.3925,0.4167,-2.42,2.776,NO,wrong_side,-0.7,0.5
2026-08-07T06:56:30Z,2026-08-07T06:56:26.660Z,2026-08-07T06:52:05Z,Wyndham Championship,Sedgefield Country Club,2,2,24550,"Ghim, Doug",USA,Bogeys,under,2.5,-198,140,-198,draftkings,2.09,0.6075,0.6644,-5.69,2.776,YES,policy,-0.7,0.5
2026-08-07T06:56:30Z,2026-08-07T06:56:26.660Z,2026-08-07T06:52:05Z,Wyndham Championship,Sedgefield Country Club,2,2,24968,"Griffin, Ben",USA,Bogeys,over,1.5,-205,-205,144,draftkings,1.95,0.6208,0.6721,-5.13,2.937,NO,inside_gap,0.15,0.9
2026-08-07T06:56:30Z,2026-08-07T06:56:26.660Z,2026-08-07T06:52:05Z,Wyndham Championship,Sedgefield Country Club,2,2,24968,"Griffin, Ben",USA,Bogeys,under,1.5,144,-205,144,draftkings,1.95,0.3792,0.4098,-3.07,2.937,NO,inside_gap,0.15,0.5
2026-08-07T06:56:30Z,2026-08-07T06:56:26.660Z,2026-08-07T06:52:05Z,Wyndham Championship,Sedgefield Country Club,2,2,14139,"Thomas, Justin",USA,Bogeys,over,2.5,136,136,-192,draftkings,2.35,0.4625,0.4237,3.88,2.182,NO,inside_gap,-0.44,0.9
2026-08-07T06:56:30Z,2026-08-07T06:56:26.660Z,2026-08-07T06:52:05Z,Wyndham Championship,Sedgefield Country Club,2,2,14139,"Thomas, Justin",USA,Bogeys,under,2.5,-192,136,-192,draftkings,2.35,0.5375,0.6575,-12,2.182,NO,inside_gap,-0.44,0.5
2026-08-07T06:56:30Z,2026-08-07T06:56:26.660Z,2026-08-07T06:52:05Z,Wyndham Championship,Sedgefield Country Club,2,2,32319,"Koivun, Jackson",USA,Bogeys,over,1.5,-210,-210,148,draftkings,2,0.6327,0.6774,-4.47,3.235,NO,inside_gap,0.2,0.9
2026-08-07T06:56:30Z,2026-08-07T06:56:26.660Z,2026-08-07T06:52:05Z,Wyndham Championship,Sedgefield Country Club,2,2,32319,"Koivun, Jackson",USA,Bogeys,under,1.5,148,-210,148,draftkings,2,0.3673,0.4032,-3.59,3.235,NO,inside_gap,0.2,0.5
2026-08-07T06:56:30Z,2026-08-07T06:56:26.660Z,2026-08-07T06:52:05Z,Wyndham Championship,Sedgefield Country Club,2,2,15470,"Hossler, Beau",USA,Bogeys,over,2.5,100,100,-142,draftkings,2.34,0.4591,0.5,-4.09,2.139,NO,inside_gap,-0.46,0.9
2026-08-07T06:56:30Z,2026-08-07T06:56:26.660Z,2026-08-07T06:52:05Z,Wyndham Championship,Sedgefield Country Club,2,2,15470,"Hossler, Beau",USA,Bogeys,under,2.5,-142,100,-142,draftkings,2.34,0.5409,0.5868,-4.59,2.139,NO,inside_gap,-0.46,0.5
2026-08-07T06:56:30Z,2026-08-07T06:56:26.660Z,2026-08-07T06:52:05Z,Wyndham Championship,Sedgefield Country Club,2,2,14502,"Cauley, Bud",USA,Bogeys,over,2.5,125,125,-176,draftkings,2.71,0.5488,0.4444,10.44,1.59,NO,inside_gap,-0.08,0.9
2026-08-07T06:56:30Z,2026-08-07T06:56:26.660Z,2026-08-07T06:52:05Z,Wyndham Championship,Sedgefield Country Club,2,2,14502,"Cauley, Bud",USA,Bogeys,under,2.5,-176,125,-176,draftkings,2.71,0.4512,0.6377,-18.65,1.59,NO,inside_gap,-0.08,0.5
2026-08-07T06:56:30Z,2026-08-07T06:56:26.660Z,2026-08-07T06:52:05Z,Wyndham Championship,Sedgefield Country Club,2,2,17365,"Mitchell, Keith",USA,Bogeys,over,2.5,105,105,-148,draftkings,2.25,0.4358,0.4878,-5.2,2.656,NO,wrong_side,-0.55,0.5
2026-08-07T06:56:30Z,2026-08-07T06:56:26.660Z,2026-08-07T06:52:05Z,Wyndham Championship,Sedgefield Country Club,2,2,17365,"Mitchell, Keith",USA,Bogeys,under,2.5,-148,105,-148,draftkings,2.25,0.5642,0.5968,-3.25,2.656,YES,policy,-0.55,0.5
2026-08-07T06:56:30Z,2026-08-07T06:56:26.660Z,2026-08-07T06:52:05Z,Wyndham Championship,Sedgefield Country Club,2,2,18554,"Rai, Aaron",ENG,Bogeys,over,1.5,-210,-210,146,draftkings,2.2,0.6745,0.6774,-0.29,2.28,NO,inside_gap,0.4,0.9
2026-08-07T06:56:30Z,2026-08-07T06:56:26.660Z,2026-08-07T06:52:05Z,Wyndham Championship,Sedgefield Country Club,2,2,18554,"Rai, Aaron",ENG,Bogeys,under,1.5,146,-210,146,draftkings,2.2,0.3255,0.4065,-8.1,2.28,NO,inside_gap,0.4,0.5
2026-08-07T06:56:30Z,2026-08-07T06:56:26.660Z,2026-08-07T06:52:05Z,Wyndham Championship,Sedgefield Country Club,2,2,13562,"Matsuyama, Hideki",JPN,Bogeys,over,1.5,-210,-210,148,draftkings,2.07,0.6493,0.6774,-2.81,2.841,NO,inside_gap,0.28,0.9
2026-08-07T06:56:30Z,2026-08-07T06:56:26.660Z,2026-08-07T06:52:05Z,Wyndham Championship,Sedgefield Country Club,2,2,13562,"Matsuyama, Hideki",JPN,Bogeys,under,1.5,148,-210,148,draftkings,2.07,0.3507,0.4032,-5.26,2.841,NO,inside_gap,0.28,0.5
2026-08-07T06:56:30Z,2026-08-07T06:56:26.660Z,2026-08-07T06:52:05Z,Wyndham Championship,Sedgefield Country Club,2,2,25362,"Fitzpatrick, Alex",ENG,Bogeys,over,2.5,130,130,-184,draftkings,2.67,0.5396,0.4348,10.49,1.771,NO,inside_gap,-0.13,0.9
2026-08-07T06:56:30Z,2026-08-07T06:56:26.660Z,2026-08-07T06:52:05Z,Wyndham Championship,Sedgefield Country Club,2,2,25362,"Fitzpatrick, Alex",ENG,Bogeys,under,2.5,-184,130,-184,draftkings,2.67,0.4604,0.6479,-18.75,1.771,NO,inside_gap,-0.13,0.5
2026-08-07T06:56:30Z,2026-08-07T06:56:26.660Z,2026-08-07T06:52:05Z,Wyndham Championship,Sedgefield Country Club,2,2,29827,"James, Ben",USA,Bogeys,over,2.5,106,106,-150,draftkings,2.46,0.4895,0.4854,0.4,2.328,NO,inside_gap,-0.34,0.9
2026-08-07T06:56:30Z,2026-08-07T06:56:26.660Z,2026-08-07T06:52:05Z,Wyndham Championship,Sedgefield Country Club,2,2,29827,"James, Ben",USA,Bogeys,under,2.5,-150,106,-150,draftkings,2.46,0.5105,0.6,-8.95,2.328,NO,inside_gap,-0.34,0.5
2026-08-07T06:56:30Z,2026-08-07T06:56:26.660Z,2026-08-07T06:52:05Z,Wyndham Championship,Sedgefield Country Club,2,2,21756,"Cole, Eric",USA,Bogeys,over,2.5,106,106,-150,draftkings,2.43,0.4835,0.4854,-0.19,2.485,NO,inside_gap,-0.36,0.9
2026-08-07T06:56:30Z,2026-08-07T06:56:26.660Z,2026-08-07T06:52:05Z,Wyndham Championship,Sedgefield Country Club,2,2,21756,"Cole, Eric",USA,Bogeys,under,2.5,-150,106,-150,draftkings,2.43,0.5165,0.6,-8.35,2.485,NO,inside_gap,-0.36,0.5
2026-08-07T06:56:30Z,2026-08-07T06:56:26.660Z,2026-08-07T06:52:05Z,Wyndham Championship,Sedgefield Country Club,2,2,23014,"Theegala, Sahith",USA,Bogeys,over,2.5,100,100,-142,draftkings,2.63,0.5307,0.5,3.07,2.029,NO,inside_gap,-0.16,0.9
2026-08-07T06:56:30Z,2026-08-07T06:56:26.660Z,2026-08-07T06:52:05Z,Wyndham Championship,Sedgefield Country Club,2,2,23014,"Theegala, Sahith",USA,Bogeys,under,2.5,-142,100,-142,draftkings,2.63,0.4693,0.5868,-11.75,2.029,NO,inside_gap,-0.16,0.5
2026-08-07T06:56:30Z,2026-08-07T06:56:26.660Z,2026-08-07T06:52:05Z,Wyndham Championship,Sedgefield Country Club,2,2,16243,"Koepka, Brooks",USA,Bogeys,over,2.5,-104,-104,-136,draftkings,2.8,0.5683,0.5098,5.85,1.735,NO,inside_gap,0,0.9
2026-08-07T06:56:30Z,2026-08-07T06:56:26.660Z,2026-08-07T06:52:05Z,Wyndham Championship,Sedgefield Country Club,2,2,16243,"Koepka, Brooks",USA,Bogeys,under,2.5,-136,-104,-136,draftkings,2.8,0.4317,0.5763,-14.45,1.735,NO,inside_gap,0,0.5
2026-08-07T06:56:30Z,2026-08-07T06:56:26.660Z,2026-08-07T06:52:05Z,Wyndham Championship,Sedgefield Country Club,2,2,26651,"Young, Cameron",USA,Bogeys,over,1.5,-174,-174,124,draftkings,1.97,0.627,0.635,-0.8,2.829,NO,inside_gap,0.18,0.9
2026-08-07T06:56:30Z,2026-08-07T06:56:26.660Z,2026-08-07T06:52:05Z,Wyndham Championship,Sedgefield Country Club,2,2,26651,"Young, Cameron",USA,Bogeys,under,1.5,124,-174,124,draftkings,1.97,0.373,0.4464,-7.35,2.829,NO,inside_gap,0.18,0.5
2026-08-07T06:56:30Z,2026-08-07T06:56:26.660Z,2026-08-07T06:52:05Z,Wyndham Championship,Sedgefield Country Club,2,2,18586,"Smith, Jordan",ENG,Bogeys,over,2.5,118,118,-168,draftkings,2.64,0.533,0.4587,7.43,1.887,NO,inside_gap,-0.15,0.9
2026-08-07T06:56:30Z,2026-08-07T06:56:26.660Z,2026-08-07T06:52:05Z,Wyndham Championship,Sedgefield Country Club,2,2,18586,"Smith, Jordan",ENG,Bogeys,under,2.5,-168,118,-168,draftkings,2.64,0.467,0.6269,-15.99,1.887,NO,inside_gap,-0.15,0.5
2026-08-07T06:56:30Z,2026-08-07T06:56:26.660Z,2026-08-07T06:52:05Z,Wyndham Championship,Sedgefield Country Club,2,2,24766,"Kim, Tom",KOR,GIR,over,13.5,-112,-112,-122,draftkings,14.07,0.6268,0.5283,9.85,2.557,YES,policy,1.13,1
2026-08-07T06:56:30Z,2026-08-07T06:56:26.660Z,2026-08-07T06:52:05Z,Wyndham Championship,Sedgefield Country Club,2,2,24766,"Kim, Tom",KOR,GIR,under,13.5,-122,-112,-122,draftkings,14.07,0.3732,0.5495,-17.64,2.557,NO,wrong_side,1.13,1
2026-08-07T06:56:30Z,2026-08-07T06:56:26.660Z,2026-08-07T06:52:05Z,Wyndham Championship,Sedgefield Country Club,2,2,17511,"Straka, Sepp",AUT,GIR,over,13.5,-128,-128,-108,draftkings,13.12,0.42,0.5614,-14.14,1.692,NO,inside_gap,0.18,1
2026-08-07T06:56:30Z,2026-08-07T06:56:26.660Z,2026-08-07T06:52:05Z,Wyndham Championship,Sedgefield Country Club,2,2,17511,"Straka, Sepp",AUT,GIR,under,13.5,-108,-128,-108,draftkings,13.12,0.58,0.5192,6.08,1.692,NO,inside_gap,0.18,0.5
2026-08-07T06:56:30Z,2026-08-07T06:56:26.660Z,2026-08-07T06:52:05Z,Wyndham Championship,Sedgefield Country Club,2,2,32319,"Koivun, Jackson",USA,GIR,over,13.5,114,114,-156,draftkings,14.27,0.6735,0.4673,20.62,3.235,YES,policy,1.33,1
2026-08-07T06:56:30Z,2026-08-07T06:56:26.660Z,2026-08-07T06:52:05Z,Wyndham Championship,Sedgefield Country Club,2,2,32319,"Koivun, Jackson",USA,GIR,under,13.5,-156,114,-156,draftkings,14.27,0.3265,0.6094,-28.29,3.235,NO,wrong_side,1.33,1
2026-08-07T06:56:30Z,2026-08-07T06:56:26.660Z,2026-08-07T06:52:05Z,Wyndham Championship,Sedgefield Country Club,2,2,29767,"Gerard, Ryan",USA,GIR,over,13.5,-108,-108,-128,draftkings,13.61,0.523,0.5192,0.37,2.614,NO,inside_gap,0.67,1
2026-08-07T06:56:30Z,2026-08-07T06:56:26.660Z,2026-08-07T06:52:05Z,Wyndham Championship,Sedgefield Country Club,2,2,29767,"Gerard, Ryan",USA,GIR,under,13.5,-128,-108,-128,draftkings,13.61,0.477,0.5614,-8.44,2.614,NO,inside_gap,0.67,0.5
2026-08-07T06:56:30Z,2026-08-07T06:56:26.660Z,2026-08-07T06:52:05Z,Wyndham Championship,Sedgefield Country Club,2,2,26651,"Young, Cameron",USA,GIR,over,13.5,-166,-166,122,draftkings,14.07,0.627,0.6241,0.3,2.829,YES,policy,1.13,1
2026-08-07T06:56:30Z,2026-08-07T06:56:26.660Z,2026-08-07T06:52:05Z,Wyndham Championship,Sedgefield Country Club,2,2,26651,"Young, Cameron",USA,GIR,under,13.5,122,-166,122,draftkings,14.07,0.373,0.4505,-7.75,2.829,NO,wrong_side,1.13,1
2026-08-07T06:56:30Z,2026-08-07T06:56:26.660Z,2026-08-07T06:52:05Z,Wyndham Championship,Sedgefield Country Club,2,2,14577,"English, Harris",USA,GIR,over,13.5,-132,-132,-104,draftkings,13.19,0.4344,0.569,-13.45,1.828,NO,inside_gap,0.25,1
2026-08-07T06:56:30Z,2026-08-07T06:56:26.660Z,2026-08-07T06:52:05Z,Wyndham Championship,Sedgefield Country Club,2,2,14577,"English, Harris",USA,GIR,under,13.5,-104,-132,-104,draftkings,13.19,0.5656,0.5098,5.58,1.828,NO,inside_gap,0.25,0.5
2026-08-07T06:56:30Z,2026-08-07T06:56:26.660Z,2026-08-07T06:52:05Z,Wyndham Championship,Sedgefield Country Club,2,2,24550,"Ghim, Doug",USA,GIR,over,13.5,-125,-125,-110,draftkings,14.23,0.6645,0.5556,10.89,2.776,YES,policy,1.3,1
2026-08-07T06:56:30Z,2026-08-07T06:56:26.660Z,2026-08-07T06:52:05Z,Wyndham Championship,Sedgefield Country Club,2,2,24550,"Ghim, Doug",USA,GIR,under,13.5,-110,-125,-110,draftkings,14.23,0.3355,0.5238,-18.83,2.776,NO,wrong_side,1.3,1
2026-08-07T06:56:30Z,2026-08-07T06:56:26.660Z,2026-08-07T06:52:05Z,Wyndham Championship,Sedgefield Country Club,2,2,27364,"Thompson, Davis",USA,GIR,over,13.5,-138,-138,100,draftkings,14.02,0.6152,0.5798,3.54,2.449,YES,policy,1.08,1
2026-08-07T06:56:30Z,2026-08-07T06:56:26.660Z,2026-08-07T06:52:05Z,Wyndham Championship,Sedgefield Country Club,2,2,27364,"Thompson, Davis",USA,GIR,under,13.5,100,-138,100,draftkings,14.02,0.3848,0.5,-11.52,2.449,NO,wrong_side,1.08,1
2026-08-07T06:56:30Z,2026-08-07T06:56:26.660Z,2026-08-07T06:52:05Z,Wyndham Championship,Sedgefield Country Club,2,2,14502,"Cauley, Bud",USA,GIR,over,13.5,-105,-105,-130,draftkings,13.48,0.4957,0.5122,-1.65,1.59,NO,inside_gap,0.54,1
2026-08-07T06:56:30Z,2026-08-07T06:56:26.660Z,2026-08-07T06:52:05Z,Wyndham Championship,Sedgefield Country Club,2,2,14502,"Cauley, Bud",USA,GIR,under,13.5,-130,-105,-130,draftkings,13.48,0.5043,0.5652,-6.09,1.59,NO,inside_gap,0.54,0.5
2026-08-07T06:56:30Z,2026-08-07T06:56:26.660Z,2026-08-07T06:52:05Z,Wyndham Championship,Sedgefield Country Club,2,2,25362,"Fitzpatrick, Alex",ENG,GIR,over,13.5,106,106,-144,draftkings,13.8,0.5664,0.4854,8.1,1.771,NO,inside_gap,0.86,1
2026-08-07T06:56:30Z,2026-08-07T06:56:26.660Z,2026-08-07T06:52:05Z,Wyndham Championship,Sedgefield Country Club,2,2,25362,"Fitzpatrick, Alex",ENG,GIR,under,13.5,-144,106,-144,draftkings,13.8,0.4336,0.5902,-15.66,1.771,NO,inside_gap,0.86,0.5
2026-08-07T06:56:30Z,2026-08-07T06:56:26.660Z,2026-08-07T06:52:05Z,Wyndham Championship,Sedgefield Country Club,2,2,15470,"Hossler, Beau",USA,GIR,over,12.5,-176,-176,128,draftkings,13.39,0.6854,0.6377,4.77,2.139,YES,policy,1.46,1
2026-08-07T06:56:30Z,2026-08-07T06:56:26.660Z,2026-08-07T06:52:05Z,Wyndham Championship,Sedgefield Country Club,2,2,15470,"Hossler, Beau",USA,GIR,under,12.5,128,-176,128,draftkings,13.39,0.3146,0.4386,-12.4,2.139,NO,wrong_side,1.46,1
2026-08-07T06:56:30Z,2026-08-07T06:56:26.660Z,2026-08-07T06:52:05Z,Wyndham Championship,Sedgefield Country Club,2,2,17365,"Mitchell, Keith",USA,GIR,over,13.5,-136,-136,-102,draftkings,14.24,0.6656,0.5763,8.93,2.656,YES,policy,1.3,1
2026-08-07T06:56:30Z,2026-08-07T06:56:26.660Z,2026-08-07T06:52:05Z,Wyndham Championship,Sedgefield Country Club,2,2,17365,"Mitchell, Keith",USA,GIR,under,13.5,-102,-136,-102,draftkings,14.24,0.3344,0.505,-17.06,2.656,NO,wrong_side,1.3,1
2026-08-07T06:56:30Z,2026-08-07T06:56:26.660Z,2026-08-07T06:52:05Z,Wyndham Championship,Sedgefield Country Club,2,2,19870,"McCarthy, Denny",USA,GIR,over,13.5,120,120,-164,draftkings,13.1,0.4165,0.4545,-3.8,1.979,NO,inside_gap,0.16,1
2026-08-07T06:56:30Z,2026-08-07T06:56:26.660Z,2026-08-07T06:52:05Z,Wyndham Championship,Sedgefield Country Club,2,2,19870,"McCarthy, Denny",USA,GIR,under,13.5,-164,120,-164,draftkings,13.1,0.5835,0.6212,-3.77,1.979,NO,inside_gap,0.16,0.5
2026-08-07T06:56:30Z,2026-08-07T06:56:26.660Z,2026-08-07T06:52:05Z,Wyndham Championship,Sedgefield Country Club,2,2,18554,"Rai, Aaron",ENG,GIR,over,13.5,-184,-184,134,draftkings,14.52,0.7282,0.6479,8.03,2.28,YES,policy,1.58,1
2026-08-07T06:56:30Z,2026-08-07T06:56:26.660Z,2026-08-07T06:52:05Z,Wyndham Championship,Sedgefield Country Club,2,2,18554,"Rai, Aaron",ENG,GIR,under,13.5,134,-184,134,draftkings,14.52,0.2718,0.4274,-15.56,2.28,NO,wrong_side,1.58,1
2026-08-07T06:56:30Z,2026-08-07T06:56:26.660Z,2026-08-07T06:52:05Z,Wyndham Championship,Sedgefield Country Club,2,2,21554,"Poston, J.T.",USA,GIR,over,13.5,-104,-104,-134,draftkings,13.61,0.5232,0.5098,1.34,1.964,NO,inside_gap,0.67,1
2026-08-07T06:56:30Z,2026-08-07T06:56:26.660Z,2026-08-07T06:52:05Z,Wyndham Championship,Sedgefield Country Club,2,2,21554,"Poston, J.T.",USA,GIR,under,13.5,-134,-104,-134,draftkings,13.61,0.4768,0.5726,-9.58,1.964,NO,inside_gap,0.67,0.5
2026-08-07T06:56:30Z,2026-08-07T06:56:26.660Z,2026-08-07T06:52:05Z,Wyndham Championship,Sedgefield Country Club,2,2,21756,"Cole, Eric",USA,GIR,over,12.5,-148,-148,108,draftkings,13.47,0.7008,0.5968,10.41,2.485,YES,policy,1.53,1
2026-08-07T06:56:30Z,2026-08-07T06:56:26.660Z,2026-08-07T06:52:05Z,Wyndham Championship,Sedgefield Country Club,2,2,21756,"Cole, Eric",USA,GIR,under,12.5,108,-148,108,draftkings,13.47,0.2992,0.4808,-18.16,2.485,NO,wrong_side,1.53,1
2026-08-07T06:56:30Z,2026-08-07T06:56:26.660Z,2026-08-07T06:52:05Z,Wyndham Championship,Sedgefield Country Club,2,2,14139,"Thomas, Justin",USA,GIR,over,13.5,106,106,-146,draftkings,12.77,0.352,0.4854,-13.35,2.182,NO,inside_gap,-0.17,1
2026-08-07T06:56:30Z,2026-08-07T06:56:26.660Z,2026-08-07T06:52:05Z,Wyndham Championship,Sedgefield Country Club,2,2,14139,"Thomas, Justin",USA,GIR,under,13.5,-146,106,-146,draftkings,12.77,0.648,0.5935,5.45,2.182,NO,inside_gap,-0.17,0.5
2026-08-07T06:56:30Z,2026-08-07T06:56:26.660Z,2026-08-07T06:52:05Z,Wyndham Championship,Sedgefield Country Club,2,2,16243,"Koepka, Brooks",USA,GIR,over,13.5,-142,-142,102,draftkings,13.37,0.4729,0.5868,-11.39,1.735,NO,inside_gap,0.44,1
2026-08-07T06:56:30Z,2026-08-07T06:56:26.660Z,2026-08-07T06:52:05Z,Wyndham Championship,Sedgefield Country Club,2,2,16243,"Koepka, Brooks",USA,GIR,under,13.5,102,-142,102,draftkings,13.37,0.5271,0.495,3.2,1.735,NO,inside_gap,0.44,0.5
2026-08-07T06:56:30Z,2026-08-07T06:56:26.660Z,2026-08-07T06:52:05Z,Wyndham Championship,Sedgefield Country Club,2,2,13562,"Matsuyama, Hideki",JPN,GIR,over,13.5,-102,-102,-136,draftkings,13.9,0.5898,0.505,8.49,2.841,NO,inside_gap,0.97,1
2026-08-07T06:56:30Z,2026-08-07T06:56:26.660Z,2026-08-07T06:52:05Z,Wyndham Championship,Sedgefield Country Club,2,2,13562,"Matsuyama, Hideki",JPN,GIR,under,13.5,-136,-102,-136,draftkings,13.9,0.4102,0.5763,-16.61,2.841,NO,inside_gap,0.97,0.5
2026-08-07T06:56:30Z,2026-08-07T06:56:26.660Z,2026-08-07T06:52:05Z,Wyndham Championship,Sedgefield Country Club,2,2,23014,"Theegala, Sahith",USA,GIR,over,13.5,112,112,-154,draftkings,13.21,0.4385,0.4717,-3.32,2.029,NO,inside_gap,0.27,1
2026-08-07T06:56:30Z,2026-08-07T06:56:26.660Z,2026-08-07T06:52:05Z,Wyndham Championship,Sedgefield Country Club,2,2,23014,"Theegala, Sahith",USA,GIR,under,13.5,-154,112,-154,draftkings,13.21,0.5615,0.6063,-4.48,2.029,NO,inside_gap,0.27,0.5
2026-08-07T06:56:30Z,2026-08-07T06:56:26.660Z,2026-08-07T06:52:05Z,Wyndham Championship,Sedgefield Country Club,2,2,24968,"Griffin, Ben",USA,GIR,over,13.5,-116,-116,-118,draftkings,13.84,0.5754,0.537,3.84,2.937,NO,inside_gap,0.9,1
2026-08-07T06:56:30Z,2026-08-07T06:56:26.660Z,2026-08-07T06:52:05Z,Wyndham Championship,Sedgefield Country Club,2,2,24968,"Griffin, Ben",USA,GIR,under,13.5,-118,-116,-118,draftkings,13.84,0.4246,0.5413,-11.67,2.937,NO,inside_gap,0.9,0.5
2026-08-07T06:56:30Z,2026-08-07T06:56:26.660Z,2026-08-07T06:52:05Z,Wyndham Championship,Sedgefield Country Club,2,2,18586,"Smith, Jordan",ENG,GIR,over,13.5,-160,-160,116,draftkings,13.78,0.5612,0.6154,-5.42,1.887,NO,inside_gap,0.84,1
2026-08-07T06:56:30Z,2026-08-07T06:56:26.660Z,2026-08-07T06:52:05Z,Wyndham Championship,Sedgefield Country Club,2,2,18586,"Smith, Jordan",ENG,GIR,under,13.5,116,-160,116,draftkings,13.78,0.4388,0.463,-2.42,1.887,NO,inside_gap,0.84,0.5
2026-08-07T06:56:30Z,2026-08-07T06:56:26.660Z,2026-08-07T06:52:05Z,Wyndham Championship,Sedgefield Country Club,2,2,29827,"James, Ben",USA,GIR,over,13.5,-102,-102,-136,draftkings,13.67,0.5376,0.505,3.26,2.328,NO,inside_gap,0.73,1
2026-08-07T06:56:30Z,2026-08-07T06:56:26.660Z,2026-08-07T06:52:05Z,Wyndham Championship,Sedgefield Country Club,2,2,29827,"James, Ben",USA,GIR,under,13.5,-136,-102,-136,draftkings,13.67,0.4624,0.5763,-11.38,2.328,NO,inside_gap,0.73,0.5
2026-08-07T06:56:30Z,2026-08-07T06:56:26.660Z,2026-08-07T06:52:05Z,Wyndham Championship,Sedgefield Country Club,2,2,17365,"Mitchell, Keith",USA,Fairways hit,over,8.5,-120,-120,-120,draftkings,9.64,0.7455,0.5455,20.01,2.656,YES,policy,1.4,0.6
2026-08-07T06:56:30Z,2026-08-07T06:56:26.660Z,2026-08-07T06:52:05Z,Wyndham Championship,Sedgefield Country Club,2,2,17365,"Mitchell, Keith",USA,Fairways hit,under,8.5,-120,-120,-120,draftkings,9.64,0.2545,0.5455,-29.1,2.656,NO,wrong_side,1.4,0.6
2026-08-07T06:56:30Z,2026-08-07T06:56:26.660Z,2026-08-07T06:52:05Z,Wyndham Championship,Sedgefield Country Club,2,2,26651,"Young, Cameron",USA,Fairways hit,over,8.5,-164,-164,114,draftkings,9.7,0.7567,0.6212,13.55,2.829,YES,policy,1.46,0.6
2026-08-07T06:56:30Z,2026-08-07T06:56:26.660Z,2026-08-07T06:52:05Z,Wyndham Championship,Sedgefield Country Club,2,2,26651,"Young, Cameron",USA,Fairways hit,under,8.5,114,-164,114,draftkings,9.7,0.2433,0.4673,-22.4,2.829,NO,wrong_side,1.46,0.6
2026-08-07T06:56:30Z,2026-08-07T06:56:26.660Z,2026-08-07T06:52:05Z,Wyndham Championship,Sedgefield Country Club,2,2,14577,"English, Harris",USA,Fairways hit,over,9.5,-104,-104,-138,draftkings,9.54,0.5082,0.5098,-0.16,1.828,NO,inside_gap,0.3,0.6
2026-08-07T06:56:30Z,2026-08-07T06:56:26.660Z,2026-08-07T06:52:05Z,Wyndham Championship,Sedgefield Country Club,2,2,14577,"English, Harris",USA,Fairways hit,under,9.5,-138,-104,-138,draftkings,9.54,0.4918,0.5798,-8.81,1.828,NO,inside_gap,0.3,0.85
2026-08-07T06:56:30Z,2026-08-07T06:56:26.660Z,2026-08-07T06:52:05Z,Wyndham Championship,Sedgefield Country Club,2,2,32319,"Koivun, Jackson",USA,Fairways hit,over,9.5,-138,-138,-104,draftkings,10.47,0.7256,0.5798,14.58,3.235,YES,policy,1.23,0.6
2026-08-07T06:56:30Z,2026-08-07T06:56:26.660Z,2026-08-07T06:52:05Z,Wyndham Championship,Sedgefield Country Club,2,2,32319,"Koivun, Jackson",USA,Fairways hit,under,9.5,-104,-138,-104,draftkings,10.47,0.2744,0.5098,-23.54,3.235,NO,wrong_side,1.23,0.6
2026-08-07T06:56:30Z,2026-08-07T06:56:26.660Z,2026-08-07T06:52:05Z,Wyndham Championship,Sedgefield Country Club,2,2,29767,"Gerard, Ryan",USA,Fairways hit,over,9.5,-114,-114,-128,draftkings,9.71,0.5489,0.5327,1.62,2.614,NO,inside_gap,0.47,0.6
2026-08-07T06:56:30Z,2026-08-07T06:56:26.660Z,2026-08-07T06:52:05Z,Wyndham Championship,Sedgefield Country Club,2,2,29767,"Gerard, Ryan",USA,Fairways hit,under,9.5,-128,-114,-128,draftkings,9.71,0.4511,0.5614,-11.03,2.614,NO,inside_gap,0.47,0.85
2026-08-07T06:56:30Z,2026-08-07T06:56:26.660Z,2026-08-07T06:52:05Z,Wyndham Championship,Sedgefield Country Club,2,2,18586,"Smith, Jordan",ENG,Fairways hit,over,9.5,-144,-144,100,draftkings,10.11,0.6421,0.5902,5.19,1.887,YES,policy,0.87,0.6
2026-08-07T06:56:30Z,2026-08-07T06:56:26.660Z,2026-08-07T06:52:05Z,Wyndham Championship,Sedgefield Country Club,2,2,18586,"Smith, Jordan",ENG,Fairways hit,under,9.5,100,-144,100,draftkings,10.11,0.3579,0.5,-14.21,1.887,NO,wrong_side,0.87,0.6
2026-08-07T06:56:30Z,2026-08-07T06:56:26.660Z,2026-08-07T06:52:05Z,Wyndham Championship,Sedgefield Country Club,2,2,24550,"Ghim, Doug",USA,Fairways hit,over,9.5,-108,-108,-134,draftkings,10.27,0.6785,0.5192,15.93,2.776,YES,policy,1.03,0.6
2026-08-07T06:56:30Z,2026-08-07T06:56:26.660Z,2026-08-07T06:52:05Z,Wyndham Championship,Sedgefield Country Club,2,2,24550,"Ghim, Doug",USA,Fairways hit,under,9.5,-134,-108,-134,draftkings,10.27,0.3215,0.5726,-25.12,2.776,NO,wrong_side,1.03,0.6
2026-08-07T06:56:30Z,2026-08-07T06:56:26.660Z,2026-08-07T06:52:05Z,Wyndham Championship,Sedgefield Country Club,2,2,15470,"Hossler, Beau",USA,Fairways hit,over,8.5,-140,-140,-104,draftkings,9.4,0.6965,0.5833,11.32,2.139,YES,policy,1.16,0.6
2026-08-07T06:56:30Z,2026-08-07T06:56:26.660Z,2026-08-07T06:52:05Z,Wyndham Championship,Sedgefield Country Club,2,2,15470,"Hossler, Beau",USA,Fairways hit,under,8.5,-104,-140,-104,draftkings,9.4,0.3035,0.5098,-20.64,2.139,NO,wrong_side,1.16,0.6
2026-08-07T06:56:30Z,2026-08-07T06:56:26.660Z,2026-08-07T06:52:05Z,Wyndham Championship,Sedgefield Country Club,2,2,27364,"Thompson, Davis",USA,Fairways hit,over,9.5,120,120,-174,draftkings,9.56,0.5126,0.4545,5.81,2.449,NO,inside_gap,0.31,0.6
2026-08-07T06:56:30Z,2026-08-07T06:56:26.660Z,2026-08-07T06:52:05Z,Wyndham Championship,Sedgefield Country Club,2,2,27364,"Thompson, Davis",USA,Fairways hit,under,9.5,-174,120,-174,draftkings,9.56,0.4874,0.635,-14.76,2.449,NO,inside_gap,0.31,0.85
2026-08-07T06:56:30Z,2026-08-07T06:56:26.660Z,2026-08-07T06:52:05Z,Wyndham Championship,Sedgefield Country Club,2,2,13562,"Matsuyama, Hideki",JPN,Fairways hit,over,9.5,116,116,-168,draftkings,9.67,0.5385,0.463,7.55,2.841,NO,inside_gap,0.43,0.6
2026-08-07T06:56:30Z,2026-08-07T06:56:26.660Z,2026-08-07T06:52:05Z,Wyndham Championship,Sedgefield Country Club,2,2,13562,"Matsuyama, Hideki",JPN,Fairways hit,under,9.5,-168,116,-168,draftkings,9.67,0.4615,0.6269,-16.53,2.841,NO,inside_gap,0.43,0.85
2026-08-07T06:56:30Z,2026-08-07T06:56:26.660Z,2026-08-07T06:52:05Z,Wyndham Championship,Sedgefield Country Club,2,2,29827,"James, Ben",USA,Fairways hit,over,9.5,104,104,-150,draftkings,10.15,0.6521,0.4902,16.19,2.328,YES,policy,0.91,0.6
2026-08-07T06:56:30Z,2026-08-07T06:56:26.660Z,2026-08-07T06:52:05Z,Wyndham Championship,Sedgefield Country Club,2,2,29827,"James, Ben",USA,Fairways hit,under,9.5,-150,104,-150,draftkings,10.15,0.3479,0.6,-25.21,2.328,NO,wrong_side,0.91,0.6
2026-08-07T06:56:30Z,2026-08-07T06:56:26.660Z,2026-08-07T06:52:05Z,Wyndham Championship,Sedgefield Country Club,2,2,25362,"Fitzpatrick, Alex",ENG,Fairways hit,over,8.5,-175,-175,122,draftkings,9.59,0.7347,0.6364,9.84,1.771,YES,policy,1.35,0.6
2026-08-07T06:56:30Z,2026-08-07T06:56:26.660Z,2026-08-07T06:52:05Z,Wyndham Championship,Sedgefield Country Club,2,2,25362,"Fitzpatrick, Alex",ENG,Fairways hit,under,8.5,122,-175,122,draftkings,9.59,0.2653,0.4505,-18.52,1.771,NO,wrong_side,1.35,0.6
2026-08-07T06:56:30Z,2026-08-07T06:56:26.660Z,2026-08-07T06:52:05Z,Wyndham Championship,Sedgefield Country Club,2,2,19870,"McCarthy, Denny",USA,Fairways hit,over,8.5,-168,-168,116,draftkings,8.64,0.5307,0.6269,-9.62,1.979,NO,inside_gap,0.4,0.6
2026-08-07T06:56:30Z,2026-08-07T06:56:26.660Z,2026-08-07T06:52:05Z,Wyndham Championship,Sedgefield Country Club,2,2,19870,"McCarthy, Denny",USA,Fairways hit,under,8.5,116,-168,116,draftkings,8.64,0.4693,0.463,0.64,1.979,NO,inside_gap,0.4,0.85
2026-08-07T06:56:30Z,2026-08-07T06:56:26.660Z,2026-08-07T06:52:05Z,Wyndham Championship,Sedgefield Country Club,2,2,18554,"Rai, Aaron",ENG,Fairways hit,over,10.5,-106,-106,-136,draftkings,10.42,0.4795,0.5146,-3.51,2.28,NO,inside_gap,0.18,0.6
2026-08-07T06:56:30Z,2026-08-07T06:56:26.660Z,2026-08-07T06:52:05Z,Wyndham Championship,Sedgefield Country Club,2,2,18554,"Rai, Aaron",ENG,Fairways hit,under,10.5,-136,-106,-136,draftkings,10.42,0.5205,0.5763,-5.58,2.28,NO,inside_gap,0.18,0.85
2026-08-07T06:56:30Z,2026-08-07T06:56:26.660Z,2026-08-07T06:52:05Z,Wyndham Championship,Sedgefield Country Club,2,2,17511,"Straka, Sepp",AUT,Fairways hit,over,9.5,106,106,-152,draftkings,9.37,0.4712,0.4854,-1.42,1.692,NO,inside_gap,0.13,0.6
2026-08-07T06:56:30Z,2026-08-07T06:56:26.660Z,2026-08-07T06:52:05Z,Wyndham Championship,Sedgefield Country Club,2,2,17511,"Straka, Sepp",AUT,Fairways hit,under,9.5,-152,106,-152,draftkings,9.37,0.5288,0.6032,-7.44,1.692,NO,inside_gap,0.13,0.85
2026-08-07T06:56:30Z,2026-08-07T06:56:26.660Z,2026-08-07T06:52:05Z,Wyndham Championship,Sedgefield Country Club,2,2,21756,"Cole, Eric",USA,Fairways hit,over,8.5,122,122,-176,draftkings,8.54,0.5076,0.4505,5.72,2.485,NO,inside_gap,0.29,0.6
2026-08-07T06:56:30Z,2026-08-07T06:56:26.660Z,2026-08-07T06:52:05Z,Wyndham Championship,Sedgefield Country Club,2,2,21756,"Cole, Eric",USA,Fairways hit,under,8.5,-176,122,-176,draftkings,8.54,0.4924,0.6377,-14.53,2.485,NO,inside_gap,0.29,0.85
2026-08-07T06:56:30Z,2026-08-07T06:56:26.660Z,2026-08-07T06:52:05Z,Wyndham Championship,Sedgefield Country Club,2,2,21554,"Poston, J.T.",USA,Fairways hit,over,9.5,-108,-108,-134,draftkings,9.55,0.5121,0.5192,-0.71,1.964,NO,inside_gap,0.31,0.6
2026-08-07T06:56:30Z,2026-08-07T06:56:26.660Z,2026-08-07T06:52:05Z,Wyndham Championship,Sedgefield Country Club,2,2,21554,"Poston, J.T.",USA,Fairways hit,under,9.5,-134,-108,-134,draftkings,9.55,0.4879,0.5726,-8.48,1.964,NO,inside_gap,0.31,0.85
2026-08-07T06:56:30Z,2026-08-07T06:56:26.660Z,2026-08-07T06:52:05Z,Wyndham Championship,Sedgefield Country Club,2,2,16243,"Koepka, Brooks",USA,Fairways hit,over,8.5,102,102,-148,draftkings,8.92,0.5919,0.495,9.68,1.735,YES,policy,0.68,0.6
2026-08-07T06:56:30Z,2026-08-07T06:56:26.660Z,2026-08-07T06:52:05Z,Wyndham Championship,Sedgefield Country Club,2,2,16243,"Koepka, Brooks",USA,Fairways hit,under,8.5,-148,102,-148,draftkings,8.92,0.4081,0.5968,-18.86,1.735,NO,wrong_side,0.68,0.6
2026-08-07T06:56:30Z,2026-08-07T06:56:26.660Z,2026-08-07T06:52:05Z,Wyndham Championship,Sedgefield Country Club,2,2,14139,"Thomas, Justin",USA,Fairways hit,over,8.5,-162,-162,112,draftkings,9.38,0.6905,0.6183,7.22,2.182,YES,policy,1.13,0.6
2026-08-07T06:56:30Z,2026-08-07T06:56:26.660Z,2026-08-07T06:52:05Z,Wyndham Championship,Sedgefield Country Club,2,2,14139,"Thomas, Justin",USA,Fairways hit,under,8.5,112,-162,112,draftkings,9.38,0.3095,0.4717,-16.22,2.182,NO,wrong_side,1.13,0.6
2026-08-07T06:56:30Z,2026-08-07T06:56:26.660Z,2026-08-07T06:52:05Z,Wyndham Championship,Sedgefield Country Club,2,2,24968,"Griffin, Ben",USA,Fairways hit,over,8.5,-175,-175,122,draftkings,9.26,0.6661,0.6364,2.98,2.937,YES,policy,1.02,0.6
2026-08-07T06:56:30Z,2026-08-07T06:56:26.660Z,2026-08-07T06:52:05Z,Wyndham Championship,Sedgefield Country Club,2,2,24968,"Griffin, Ben",USA,Fairways hit,under,8.5,122,-175,122,draftkings,9.26,0.3339,0.4505,-11.66,2.937,NO,wrong_side,1.02,0.6
2026-08-07T06:56:30Z,2026-08-07T06:56:26.660Z,2026-08-07T06:52:05Z,Wyndham Championship,Sedgefield Country Club,2,2,24766,"Kim, Tom",KOR,Fairways hit,over,9.5,-102,-102,-142,draftkings,9.43,0.4841,0.505,-2.09,2.557,NO,inside_gap,0.19,0.6
2026-08-07T06:56:30Z,2026-08-07T06:56:26.660Z,2026-08-07T06:52:05Z,Wyndham Championship,Sedgefield Country Club,2,2,24766,"Kim, Tom",KOR,Fairways hit,under,9.5,-142,-102,-142,draftkings,9.43,0.5159,0.5868,-7.09,2.557,NO,inside_gap,0.19,0.85
2026-08-07T06:56:30Z,2026-08-07T06:56:26.660Z,2026-08-07T06:52:05Z,Wyndham Championship,Sedgefield Country Club,2,2,23014,"Theegala, Sahith",USA,Fairways hit,over,8.5,-152,-152,106,draftkings,8.91,0.5912,0.6032,-1.2,2.029,YES,policy,0.67,0.6
2026-08-07T06:56:30Z,2026-08-07T06:56:26.660Z,2026-08-07T06:52:05Z,Wyndham Championship,Sedgefield Country Club,2,2,23014,"Theegala, Sahith",USA,Fairways hit,under,8.5,106,-152,106,draftkings,8.91,0.4088,0.4854,-7.66,2.029,NO,wrong_side,0.67,0.6
2026-08-07T06:56:30Z,2026-08-07T06:56:26.660Z,2026-08-07T06:52:05Z,Wyndham Championship,Sedgefield Country Club,2,2,14502,"Cauley, Bud",USA,Fairways hit,over,8.5,-168,-168,116,draftkings,9.12,0.636,0.6269,0.91,1.59,YES,policy,0.88,0.6
2026-08-07T06:56:30Z,2026-08-07T06:56:26.660Z,2026-08-07T06:52:05Z,Wyndham Championship,Sedgefield Country Club,2,2,14502,"Cauley, Bud",USA,Fairways hit,under,8.5,116,-168,116,draftkings,9.12,0.364,0.463,-9.89,1.59,NO,wrong_side,0.88,0.6
2026-08-07T06:56:30Z,2026-08-07T06:56:26.660Z,2026-08-07T06:52:05Z,Wyndham Championship,Sedgefield Country Club,2,2,11276,"Horschel, Billy",USA,Total Score,over,68.5,-112,-112,-120,draftkings,68.11,0.4739,0.5283,-5.44,1.895,NO,market_off,,
2026-08-07T06:56:30Z,2026-08-07T06:56:26.660Z,2026-08-07T06:52:05Z,Wyndham Championship,Sedgefield Country Club,2,2,11276,"Horschel, Billy",USA,Total Score,under,68.5,-120,-112,-120,draftkings,68.11,0.5261,0.5455,-1.93,1.895,NO,market_off,,
2026-08-07T06:56:30Z,2026-08-07T06:56:26.660Z,2026-08-07T06:52:05Z,Wyndham Championship,Sedgefield Country Club,2,2,29197,"Brennan, Michael",USA,Total Score,over,68.5,106,106,-142,draftkings,68.15,0.4762,0.4854,-0.92,1.851,NO,market_off,,
2026-08-07T06:56:30Z,2026-08-07T06:56:26.660Z,2026-08-07T06:52:05Z,Wyndham Championship,Sedgefield Country Club,2,2,29197,"Brennan, Michael",USA,Total Score,under,68.5,-142,106,-142,draftkings,68.15,0.5238,0.5868,-6.3,1.851,NO,market_off,,
2026-08-07T06:56:30Z,2026-08-07T06:56:26.660Z,2026-08-07T06:52:05Z,Wyndham Championship,Sedgefield Country Club,2,2,22465,"Penge, Marco",ENG,Total Score,over,68.5,-102,-102,-134,draftkings,68.65,0.5102,0.505,0.52,1.346,NO,market_off,,
2026-08-07T06:56:30Z,2026-08-07T06:56:26.660Z,2026-08-07T06:52:05Z,Wyndham Championship,Sedgefield Country Club,2,2,22465,"Penge, Marco",ENG,Total Score,under,68.5,-134,-102,-134,draftkings,68.65,0.4898,0.5726,-8.28,1.346,NO,market_off,,
2026-08-07T06:56:30Z,2026-08-07T06:56:26.660Z,2026-08-07T06:52:05Z,Wyndham Championship,Sedgefield Country Club,2,2,24766,"Kim, Tom",KOR,Total Score,over,67.5,-126,-126,-106,draftkings,67.44,0.4962,0.5575,-6.13,2.557,NO,market_off,,
2026-08-07T06:56:30Z,2026-08-07T06:56:26.660Z,2026-08-07T06:52:05Z,Wyndham Championship,Sedgefield Country Club,2,2,24766,"Kim, Tom",KOR,Total Score,under,67.5,-106,-126,-106,draftkings,67.44,0.5038,0.5146,-1.08,2.557,NO,market_off,,
2026-08-07T06:56:30Z,2026-08-07T06:56:26.660Z,2026-08-07T06:52:05Z,Wyndham Championship,Sedgefield Country Club,2,2,14502,"Cauley, Bud",USA,Total Score,over,67.5,-152,-152,112,draftkings,68.41,0.56,0.6032,-4.31,1.59,NO,market_off,,
2026-08-07T06:56:30Z,2026-08-07T06:56:26.660Z,2026-08-07T06:52:05Z,Wyndham Championship,Sedgefield Country Club,2,2,14502,"Cauley, Bud",USA,Total Score,under,67.5,112,-152,112,draftkings,68.41,0.44,0.4717,-3.17,1.59,NO,market_off,,
2026-08-07T06:56:30Z,2026-08-07T06:56:26.660Z,2026-08-07T06:52:05Z,Wyndham Championship,Sedgefield Country Club,2,2,23465,"Greyserman, Max",USA,Total Score,over,68.5,-108,-108,-124,draftkings,67.39,0.4253,0.5192,-9.39,2.607,NO,market_off,,
2026-08-07T06:56:30Z,2026-08-07T06:56:26.660Z,2026-08-07T06:52:05Z,Wyndham Championship,Sedgefield Country Club,2,2,23465,"Greyserman, Max",USA,Total Score,under,68.5,-124,-108,-124,draftkings,67.39,0.5747,0.5536,2.11,2.607,NO,market_off,,
2026-08-07T06:56:30Z,2026-08-07T06:56:26.660Z,2026-08-07T06:52:05Z,Wyndham Championship,Sedgefield Country Club,2,2,25569,"Stevens, Sam",USA,Total Score,over,68.5,-120,-120,-112,draftkings,68.78,0.5187,0.5455,-2.68,1.224,NO,market_off,,
2026-08-07T06:56:30Z,2026-08-07T06:56:26.660Z,2026-08-07T06:52:05Z,Wyndham Championship,Sedgefield Country Club,2,2,25569,"Stevens, Sam",USA,Total Score,under,68.5,-112,-120,-112,draftkings,68.78,0.4813,0.5283,-4.7,1.224,NO,market_off,,
2026-08-07T06:56:30Z,2026-08-07T06:56:26.660Z,2026-08-07T06:52:05Z,Wyndham Championship,Sedgefield Country Club,2,2,23475,"Novak, Andrew",USA,Total Score,over,68.5,-102,-102,-132,draftkings,68.15,0.4763,0.505,-2.87,1.85,NO,market_off,,
2026-08-07T06:56:30Z,2026-08-07T06:56:26.660Z,2026-08-07T06:52:05Z,Wyndham Championship,Sedgefield Country Club,2,2,23475,"Novak, Andrew",USA,Total Score,under,68.5,-132,-102,-132,draftkings,68.15,0.5237,0.569,-4.52,1.85,NO,market_off,,
2026-08-07T06:56:30Z,2026-08-07T06:56:26.660Z,2026-08-07T06:52:05Z,Wyndham Championship,Sedgefield Country Club,2,2,20722,"Schmid, Matti",GER,Total Score,over,68.5,-134,-134,100,draftkings,68.36,0.4906,0.5726,-8.21,1.639,NO,market_off,,
2026-08-07T06:56:30Z,2026-08-07T06:56:26.660Z,2026-08-07T06:52:05Z,Wyndham Championship,Sedgefield Country Club,2,2,20722,"Schmid, Matti",GER,Total Score,under,68.5,100,-134,100,draftkings,68.36,0.5094,0.5,0.94,1.639,NO,market_off,,
2026-08-07T06:56:30Z,2026-08-07T06:56:26.660Z,2026-08-07T06:52:05Z,Wyndham Championship,Sedgefield Country Club,2,2,32457,"Keefer, Johnny",USA,Total Score,over,68.5,100,100,-136,draftkings,67.87,0.4633,0.5,-3.67,2.13,NO,market_off,,
2026-08-07T06:56:30Z,2026-08-07T06:56:26.660Z,2026-08-07T06:52:05Z,Wyndham Championship,Sedgefield Country Club,2,2,32457,"Keefer, Johnny",USA,Total Score,under,68.5,-136,100,-136,draftkings,67.87,0.5367,0.5763,-3.96,2.13,NO,market_off,,
2026-08-07T06:56:30Z,2026-08-07T06:56:26.660Z,2026-08-07T06:52:05Z,Wyndham Championship,Sedgefield Country Club,2,2,15470,"Hossler, Beau",USA,Total Score,over,68.5,-102,-102,-132,draftkings,67.86,0.4578,0.505,-4.72,2.139,NO,market_off,,
2026-08-07T06:56:30Z,2026-08-07T06:56:26.660Z,2026-08-07T06:52:05Z,Wyndham Championship,Sedgefield Country Club,2,2,15470,"Hossler, Beau",USA,Total Score,under,68.5,-132,-102,-132,draftkings,67.86,0.5422,0.569,-2.67,2.139,NO,market_off,,
2026-08-07T06:56:30Z,2026-08-07T06:56:26.660Z,2026-08-07T06:52:05Z,Wyndham Championship,Sedgefield Country Club,2,2,19846,"Bauchou, Zach",USA,Total Score,over,68.5,-118,-118,-114,draftkings,67.62,0.4486,0.5413,-9.26,2.384,NO,market_off,,
2026-08-07T06:56:30Z,2026-08-07T06:56:26.660Z,2026-08-07T06:52:05Z,Wyndham Championship,Sedgefield Country Club,2,2,19846,"Bauchou, Zach",USA,Total Score,under,68.5,-114,-118,-114,draftkings,67.62,0.5514,0.5327,1.86,2.384,NO,market_off,,
2026-08-07T06:56:30Z,2026-08-07T06:56:26.660Z,2026-08-07T06:52:05Z,Wyndham Championship,Sedgefield Country Club,2,2,17511,"Straka, Sepp",AUT,Total Score,over,68.5,106,106,-144,draftkings,68.31,0.487,0.4854,0.15,1.692,NO,market_off,,
2026-08-07T06:56:30Z,2026-08-07T06:56:26.660Z,2026-08-07T06:52:05Z,Wyndham Championship,Sedgefield Country Club,2,2,17511,"Straka, Sepp",AUT,Total Score,under,68.5,-144,106,-144,draftkings,68.31,0.513,0.5902,-7.71,1.692,NO,market_off,,
2026-08-07T06:56:30Z,2026-08-07T06:56:26.660Z,2026-08-07T06:52:05Z,Wyndham Championship,Sedgefield Country Club,2,2,29767,"Gerard, Ryan",USA,Total Score,over,67.5,-112,-112,-120,draftkings,67.39,0.4923,0.5283,-3.6,2.614,NO,market_off,,
2026-08-07T06:56:30Z,2026-08-07T06:56:26.660Z,2026-08-07T06:52:05Z,Wyndham Championship,Sedgefield Country Club,2,2,29767,"Gerard, Ryan",USA,Total Score,under,67.5,-120,-112,-120,draftkings,67.39,0.5077,0.5455,-3.77,2.614,NO,market_off,,
2026-08-07T06:56:30Z,2026-08-07T06:56:26.660Z,2026-08-07T06:52:05Z,Wyndham Championship,Sedgefield Country Club,2,2,17365,"Mitchell, Keith",USA,Total Score,over,67.5,-144,-144,106,draftkings,67.34,0.4894,0.5902,-10.07,2.656,NO,market_off,,
2026-08-07T06:56:30Z,2026-08-07T06:56:26.660Z,2026-08-07T06:52:05Z,Wyndham Championship,Sedgefield Country Club,2,2,17365,"Mitchell, Keith",USA,Total Score,under,67.5,106,-144,106,draftkings,67.34,0.5106,0.4854,2.51,2.656,NO,market_off,,
2026-08-07T06:56:30Z,2026-08-07T06:56:26.660Z,2026-08-07T06:52:05Z,Wyndham Championship,Sedgefield Country Club,2,2,22760,"Hisatsune, Ryo",JPN,Total Score,over,67.5,-146,-146,108,draftkings,67.66,0.5096,0.5935,-8.39,2.336,NO,market_off,,
2026-08-07T06:56:30Z,2026-08-07T06:56:26.660Z,2026-08-07T06:52:05Z,Wyndham Championship,Sedgefield Country Club,2,2,22760,"Hisatsune, Ryo",JPN,Total Score,under,67.5,108,-146,108,draftkings,67.66,0.4904,0.4808,0.97,2.336,NO,market_off,,
2026-08-07T06:56:30Z,2026-08-07T06:56:26.660Z,2026-08-07T06:52:05Z,Wyndham Championship,Sedgefield Country Club,2,2,13562,"Matsuyama, Hideki",JPN,Total Score,over,67.5,-102,-102,-132,draftkings,67.16,0.4769,0.505,-2.81,2.841,NO,market_off,,
2026-08-07T06:56:30Z,2026-08-07T06:56:26.660Z,2026-08-07T06:52:05Z,Wyndham Championship,Sedgefield Country Club,2,2,13562,"Matsuyama, Hideki",JPN,Total Score,under,67.5,-132,-102,-132,draftkings,67.16,0.5231,0.569,-4.58,2.841,NO,market_off,,
2026-08-07T06:56:30Z,2026-08-07T06:56:26.660Z,2026-08-07T06:52:05Z,Wyndham Championship,Sedgefield Country Club,2,2,21554,"Poston, J.T.",USA,Total Score,over,67.5,-156,-156,116,draftkings,68.04,0.5355,0.6094,-7.39,1.964,NO,market_off,,
2026-08-07T06:56:30Z,2026-08-07T06:56:26.660Z,2026-08-07T06:52:05Z,Wyndham Championship,Sedgefield Country Club,2,2,21554,"Poston, J.T.",USA,Total Score,under,67.5,116,-156,116,draftkings,68.04,0.4645,0.463,0.16,1.964,NO,market_off,,
2026-08-07T06:56:30Z,2026-08-07T06:56:26.660Z,2026-08-07T06:52:05Z,Wyndham Championship,Sedgefield Country Club,2,2,22833,"Echavarria, Nico",COL,Total Score,over,68.5,-105,-105,-128,draftkings,67.84,0.4551,0.5122,-5.71,2.163,NO,market_off,,
2026-08-07T06:56:30Z,2026-08-07T06:56:26.660Z,2026-08-07T06:52:05Z,Wyndham Championship,Sedgefield Country Club,2,2,22833,"Echavarria, Nico",COL,Total Score,under,68.5,-128,-105,-128,draftkings,67.84,0.5449,0.5614,-1.65,2.163,NO,market_off,,
2026-08-07T06:56:30Z,2026-08-07T06:56:26.660Z,2026-08-07T06:52:05Z,Wyndham Championship,Sedgefield Country Club,2,2,14636,"Spieth, Jordan",USA,Total Score,over,67.5,-146,-146,108,draftkings,67.71,0.5139,0.5935,-7.96,2.295,NO,market_off,,
2026-08-07T06:56:30Z,2026-08-07T06:56:26.660Z,2026-08-07T06:52:05Z,Wyndham Championship,Sedgefield Country Club,2,2,14636,"Spieth, Jordan",USA,Total Score,under,67.5,108,-146,108,draftkings,67.71,0.4861,0.4808,0.53,2.295,NO,market_off,,
2026-08-07T06:56:30Z,2026-08-07T06:56:26.660Z,2026-08-07T06:52:05Z,Wyndham Championship,Sedgefield Country Club,2,2,18634,"McNealy, Maverick",USA,Total Score,over,67.5,-140,-140,104,draftkings,67.98,0.5326,0.5833,-5.08,2.019,NO,market_off,,
2026-08-07T06:56:30Z,2026-08-07T06:56:26.660Z,2026-08-07T06:52:05Z,Wyndham Championship,Sedgefield Country Club,2,2,18634,"McNealy, Maverick",USA,Total Score,under,67.5,104,-140,104,draftkings,67.98,0.4674,0.4902,-2.28,2.019,NO,market_off,,
2026-08-07T06:56:30Z,2026-08-07T06:56:26.660Z,2026-08-07T06:52:05Z,Wyndham Championship,Sedgefield Country Club,2,2,24550,"Ghim, Doug",USA,Total Score,over,67.5,-134,-134,100,draftkings,67.22,0.4814,0.5726,-9.13,2.776,NO,market_off,,
2026-08-07T06:56:30Z,2026-08-07T06:56:26.660Z,2026-08-07T06:52:05Z,Wyndham Championship,Sedgefield Country Club,2,2,24550,"Ghim, Doug",USA,Total Score,under,67.5,100,-134,100,draftkings,67.22,0.5186,0.5,1.86,2.776,NO,market_off,,
2026-08-07T06:56:30Z,2026-08-07T06:56:26.660Z,2026-08-07T06:52:05Z,Wyndham Championship,Sedgefield Country Club,2,2,19870,"McCarthy, Denny",USA,Total Score,over,68.5,100,100,-136,draftkings,68.02,0.4676,0.5,-3.24,1.979,NO,market_off,,
2026-08-07T06:56:30Z,2026-08-07T06:56:26.660Z,2026-08-07T06:52:05Z,Wyndham Championship,Sedgefield Country Club,2,2,19870,"McCarthy, Denny",USA,Total Score,under,68.5,-136,100,-136,draftkings,68.02,0.5324,0.5763,-4.39,1.979,NO,market_off,,
2026-08-07T06:56:30Z,2026-08-07T06:56:26.660Z,2026-08-07T06:52:05Z,Wyndham Championship,Sedgefield Country Club,2,2,13872,"Bradley, Keegan",USA,Total Score,over,67.5,-138,-138,102,draftkings,67.98,0.532,0.5798,-4.79,2.017,NO,market_off,,
2026-08-07T06:56:30Z,2026-08-07T06:56:26.660Z,2026-08-07T06:52:05Z,Wyndham Championship,Sedgefield Country Club,2,2,13872,"Bradley, Keegan",USA,Total Score,under,67.5,102,-138,102,draftkings,67.98,0.468,0.495,-2.7,2.017,NO,market_off,,
2026-08-07T06:56:30Z,2026-08-07T06:56:26.660Z,2026-08-07T06:52:05Z,Wyndham Championship,Sedgefield Country Club,2,2,20706,"Wallace, Matt",ENG,Total Score,over,67.5,-156,-156,116,draftkings,67.32,0.4874,0.6094,-12.19,2.685,NO,market_off,,
2026-08-07T06:56:30Z,2026-08-07T06:56:26.660Z,2026-08-07T06:52:05Z,Wyndham Championship,Sedgefield Country Club,2,2,20706,"Wallace, Matt",ENG,Total Score,under,67.5,116,-156,116,draftkings,67.32,0.5126,0.463,4.96,2.685,NO,market_off,,
2026-08-07T06:56:30Z,2026-08-07T06:56:26.660Z,2026-08-07T06:52:05Z,Wyndham Championship,Sedgefield Country Club,2,2,18474,"Smalley, Alex",USA,Total Score,over,67.5,-144,-144,106,draftkings,67.53,0.5023,0.5902,-8.79,2.466,NO,market_off,,
2026-08-07T06:56:30Z,2026-08-07T06:56:26.660Z,2026-08-07T06:52:05Z,Wyndham Championship,Sedgefield Country Club,2,2,18474,"Smalley, Alex",USA,Total Score,under,67.5,106,-144,106,draftkings,67.53,0.4977,0.4854,1.23,2.466,NO,market_off,,
2026-08-07T06:56:30Z,2026-08-07T06:56:26.660Z,2026-08-07T06:52:05Z,Wyndham Championship,Sedgefield Country Club,2,2,13126,"Taylor, Nick",CAN,Total Score,over,68.5,116,116,-156,draftkings,67.77,0.4507,0.463,-1.23,2.229,NO,market_off,,
2026-08-07T06:56:30Z,2026-08-07T06:56:26.660Z,2026-08-07T06:52:05Z,Wyndham Championship,Sedgefield Country Club,2,2,13126,"Taylor, Nick",CAN,Total Score,under,68.5,-156,116,-156,draftkings,67.77,0.5493,0.6094,-6,2.229,NO,market_off,,
2026-08-07T06:56:30Z,2026-08-07T06:56:26.660Z,2026-08-07T06:52:05Z,Wyndham Championship,Sedgefield Country Club,2,2,32319,"Koivun, Jackson",USA,Total Score,over,67.5,105,105,-142,draftkings,66.77,0.4503,0.4878,-3.76,3.235,NO,market_off,,
2026-08-07T06:56:30Z,2026-08-07T06:56:26.660Z,2026-08-07T06:52:05Z,Wyndham Championship,Sedgefield Country Club,2,2,32319,"Koivun, Jackson",USA,Total Score,under,67.5,-142,105,-142,draftkings,66.77,0.5497,0.5868,-3.7,3.235,NO,market_off,,
2026-08-07T06:56:30Z,2026-08-07T06:56:26.660Z,2026-08-07T06:52:05Z,Wyndham Championship,Sedgefield Country Club,2,2,14139,"Thomas, Justin",USA,Total Score,over,67.5,-114,-114,-120,draftkings,67.82,0.5211,0.5327,-1.17,2.182,NO,market_off,,
2026-08-07T06:56:30Z,2026-08-07T06:56:26.660Z,2026-08-07T06:52:05Z,Wyndham Championship,Sedgefield Country Club,2,2,14139,"Thomas, Justin",USA,Total Score,under,67.5,-120,-114,-120,draftkings,67.82,0.4789,0.5455,-6.65,2.182,NO,market_off,,
2026-08-07T06:56:30Z,2026-08-07T06:56:26.660Z,2026-08-07T06:52:05Z,Wyndham Championship,Sedgefield Country Club,2,2,23014,"Theegala, Sahith",USA,Total Score,over,68.5,110,110,-148,draftkings,67.97,0.4642,0.4762,-1.2,2.029,NO,market_off,,
2026-08-07T06:56:30Z,2026-08-07T06:56:26.660Z,2026-08-07T06:52:05Z,Wyndham Championship,Sedgefield Country Club,2,2,23014,"Theegala, Sahith",USA,Total Score,under,68.5,-148,110,-148,draftkings,67.97,0.5358,0.5968,-6.09,2.029,NO,market_off,,
2026-08-07T06:56:30Z,2026-08-07T06:56:26.660Z,2026-08-07T06:52:05Z,Wyndham Championship,Sedgefield Country Club,2,2,16395,"Kohles, Ben",USA,Total Score,over,67.5,-150,-150,112,draftkings,67.61,0.507,0.6,-9.3,2.394,NO,market_off,,
2026-08-07T06:56:30Z,2026-08-07T06:56:26.660Z,2026-08-07T06:52:05Z,Wyndham Championship,Sedgefield Country Club,2,2,16395,"Kohles, Ben",USA,Total Score,under,67.5,112,-150,112,draftkings,67.61,0.493,0.4717,2.13,2.394,NO,market_off,,
2026-08-07T06:56:30Z,2026-08-07T06:56:26.660Z,2026-08-07T06:52:05Z,Wyndham Championship,Sedgefield Country Club,2,2,8825,"Harman, Brian",USA,Total Score,over,67.5,-146,-146,108,draftkings,67.59,0.506,0.5935,-8.75,2.411,NO,market_off,,
2026-08-07T06:56:30Z,2026-08-07T06:56:26.660Z,2026-08-07T06:52:05Z,Wyndham Championship,Sedgefield Country Club,2,2,8825,"Harman, Brian",USA,Total Score,under,67.5,108,-146,108,draftkings,67.59,0.494,0.4808,1.32,2.411,NO,market_off,,
2026-08-07T06:56:30Z,2026-08-07T06:56:26.660Z,2026-08-07T06:52:05Z,Wyndham Championship,Sedgefield Country Club,2,2,8820,"Snedeker, Brandt",USA,Total Score,over,68.5,-114,-114,-118,draftkings,67.79,0.4519,0.5327,-8.08,2.21,NO,market_off,,
2026-08-07T06:56:30Z,2026-08-07T06:56:26.660Z,2026-08-07T06:52:05Z,Wyndham Championship,Sedgefield Country Club,2,2,8820,"Snedeker, Brandt",USA,Total Score,under,68.5,-118,-114,-118,draftkings,67.79,0.5481,0.5413,0.68,2.21,NO,market_off,,
2026-08-07T06:56:30Z,2026-08-07T06:56:26.660Z,2026-08-07T06:52:05Z,Wyndham Championship,Sedgefield Country Club,2,2,18586,"Smith, Jordan",ENG,Total Score,over,67.5,-150,-150,110,draftkings,68.11,0.5415,0.6,-5.85,1.887,NO,market_off,,
2026-08-07T06:56:30Z,2026-08-07T06:56:26.660Z,2026-08-07T06:52:05Z,Wyndham Championship,Sedgefield Country Club,2,2,18586,"Smith, Jordan",ENG,Total Score,under,67.5,110,-150,110,draftkings,68.11,0.4585,0.4762,-1.76,1.887,NO,market_off,,
2026-08-07T06:56:30Z,2026-08-07T06:56:26.660Z,2026-08-07T06:52:05Z,Wyndham Championship,Sedgefield Country Club,2,2,14577,"English, Harris",USA,Total Score,over,67.5,-150,-150,110,draftkings,68.17,0.5454,0.6,-5.46,1.828,NO,market_off,,
2026-08-07T06:56:30Z,2026-08-07T06:56:26.660Z,2026-08-07T06:52:05Z,Wyndham Championship,Sedgefield Country Club,2,2,14577,"English, Harris",USA,Total Score,under,67.5,110,-150,110,draftkings,68.17,0.4546,0.4762,-2.16,1.828,NO,market_off,,
2026-08-07T06:56:30Z,2026-08-07T06:56:26.660Z,2026-08-07T06:52:05Z,Wyndham Championship,Sedgefield Country Club,2,2,28635,"McCarty, Matt",USA,Total Score,over,68.5,-105,-105,-128,draftkings,68.1,0.4736,0.5122,-3.86,1.899,NO,market_off,,
2026-08-07T06:56:30Z,2026-08-07T06:56:26.660Z,2026-08-07T06:52:05Z,Wyndham Championship,Sedgefield Country Club,2,2,28635,"McCarty, Matt",USA,Total Score,under,68.5,-128,-105,-128,draftkings,68.1,0.5264,0.5614,-3.5,1.899,NO,market_off,,
2026-08-07T06:56:30Z,2026-08-07T06:56:26.660Z,2026-08-07T06:52:05Z,Wyndham Championship,Sedgefield Country Club,2,2,29827,"James, Ben",USA,Total Score,over,67.5,-154,-154,115,draftkings,67.67,0.51,0.6063,-9.63,2.328,NO,market_off,,
2026-08-07T06:56:30Z,2026-08-07T06:56:26.660Z,2026-08-07T06:52:05Z,Wyndham Championship,Sedgefield Country Club,2,2,29827,"James, Ben",USA,Total Score,under,67.5,115,-154,115,draftkings,67.67,0.49,0.4651,2.49,2.328,NO,market_off,,
2026-08-07T06:56:30Z,2026-08-07T06:56:26.660Z,2026-08-07T06:52:05Z,Wyndham Championship,Sedgefield Country Club,2,2,21756,"Cole, Eric",USA,Total Score,over,68.5,114,114,-154,draftkings,67.52,0.4428,0.4673,-2.45,2.485,NO,market_off,,
2026-08-07T06:56:30Z,2026-08-07T06:56:26.660Z,2026-08-07T06:52:05Z,Wyndham Championship,Sedgefield Country Club,2,2,21756,"Cole, Eric",USA,Total Score,under,68.5,-154,114,-154,draftkings,67.52,0.5572,0.6063,-4.91,2.485,NO,market_off,,
2026-08-07T06:56:30Z,2026-08-07T06:56:26.660Z,2026-08-07T06:52:05Z,Wyndham Championship,Sedgefield Country Club,2,2,25362,"Fitzpatrick, Alex",ENG,Total Score,over,67.5,-132,-132,-102,draftkings,68.23,0.5482,0.569,-2.08,1.771,NO,market_off,,
2026-08-07T06:56:30Z,2026-08-07T06:56:26.660Z,2026-08-07T06:52:05Z,Wyndham Championship,Sedgefield Country Club,2,2,25362,"Fitzpatrick, Alex",ENG,Total Score,under,67.5,-102,-132,-102,draftkings,68.23,0.4518,0.505,-5.31,1.771,NO,market_off,,
2026-08-07T06:56:30Z,2026-08-07T06:56:26.660Z,2026-08-07T06:52:05Z,Wyndham Championship,Sedgefield Country Club,2,2,18554,"Rai, Aaron",ENG,Total Score,over,67.5,-126,-126,-106,draftkings,67.72,0.5146,0.5575,-4.3,2.28,NO,market_off,,
2026-08-07T06:56:30Z,2026-08-07T06:56:26.660Z,2026-08-07T06:52:05Z,Wyndham Championship,Sedgefield Country Club,2,2,18554,"Rai, Aaron",ENG,Total Score,under,67.5,-106,-126,-106,draftkings,67.72,0.4854,0.5146,-2.91,2.28,NO,market_off,,
2026-08-07T06:56:30Z,2026-08-07T06:56:26.660Z,2026-08-07T06:52:05Z,Wyndham Championship,Sedgefield Country Club,2,2,24968,"Griffin, Ben",USA,Total Score,over,67.5,-110,-110,-122,draftkings,67.06,0.4704,0.5238,-5.34,2.937,NO,market_off,,
2026-08-07T06:56:30Z,2026-08-07T06:56:26.660Z,2026-08-07T06:52:05Z,Wyndham Championship,Sedgefield Country Club,2,2,24968,"Griffin, Ben",USA,Total Score,under,67.5,-122,-110,-122,draftkings,67.06,0.5296,0.5495,-1.99,2.937,NO,market_off,,
2026-08-07T06:56:30Z,2026-08-07T06:56:26.660Z,2026-08-07T06:52:05Z,Wyndham Championship,Sedgefield Country Club,2,2,16243,"Koepka, Brooks",USA,Total Score,over,67.5,-146,-146,108,draftkings,68.27,0.5505,0.5935,-4.3,1.735,NO,market_off,,
2026-08-07T06:56:30Z,2026-08-07T06:56:26.660Z,2026-08-07T06:52:05Z,Wyndham Championship,Sedgefield Country Club,2,2,16243,"Koepka, Brooks",USA,Total Score,under,67.5,108,-146,108,draftkings,68.27,0.4495,0.4808,-3.13,1.735,NO,market_off,,
2026-08-07T06:56:30Z,2026-08-07T06:56:26.660Z,2026-08-07T06:52:05Z,Wyndham Championship,Sedgefield Country Club,2,2,23841,"Neergaard-Petersen, Rasmus",DEN,Total Score,over,68.5,102,102,-138,draftkings,68.21,0.4813,0.495,-1.38,1.792,NO,market_off,,
2026-08-07T06:56:30Z,2026-08-07T06:56:26.660Z,2026-08-07T06:52:05Z,Wyndham Championship,Sedgefield Country Club,2,2,23841,"Neergaard-Petersen, Rasmus",DEN,Total Score,under,68.5,-138,102,-138,draftkings,68.21,0.5187,0.5798,-6.11,1.792,NO,market_off,,
2026-08-07T06:56:30Z,2026-08-07T06:56:26.660Z,2026-08-07T06:52:05Z,Wyndham Championship,Sedgefield Country Club,2,2,27364,"Thompson, Davis",USA,Total Score,over,67.5,-142,-142,106,draftkings,67.55,0.5035,0.5868,-8.33,2.449,NO,market_off,,
2026-08-07T06:56:30Z,2026-08-07T06:56:26.660Z,2026-08-07T06:52:05Z,Wyndham Championship,Sedgefield Country Club,2,2,27364,"Thompson, Davis",USA,Total Score,under,67.5,106,-142,106,draftkings,67.55,0.4965,0.4854,1.11,2.449,NO,market_off,,
2026-08-07T06:56:30Z,2026-08-07T06:56:26.660Z,2026-08-07T06:52:05Z,Wyndham Championship,Sedgefield Country Club,2,2,23838,"Hojgaard, Rasmus",DEN,Total Score,over,68.5,-108,-108,-125,draftkings,67.72,0.4473,0.5192,-7.2,2.283,NO,market_off,,
2026-08-07T06:56:30Z,2026-08-07T06:56:26.660Z,2026-08-07T06:52:05Z,Wyndham Championship,Sedgefield Country Club,2,2,23838,"Hojgaard, Rasmus",DEN,Total Score,under,68.5,-125,-108,-125,draftkings,67.72,0.5527,0.5556,-0.28,2.283,NO,market_off,,
2026-08-07T06:56:30Z,2026-08-07T06:56:26.660Z,2026-08-07T06:52:05Z,Wyndham Championship,Sedgefield Country Club,2,2,17488,"Im, Sungjae",KOR,Total Score,over,67.5,-144,-144,106,draftkings,67.9,0.5271,0.5902,-6.3,2.099,NO,market_off,,
2026-08-07T06:56:30Z,2026-08-07T06:56:26.660Z,2026-08-07T06:52:05Z,Wyndham Championship,Sedgefield Country Club,2,2,17488,"Im, Sungjae",KOR,Total Score,under,67.5,106,-144,106,draftkings,67.9,0.4729,0.4854,-1.26,2.099,NO,market_off,,
2026-08-07T06:56:30Z,2026-08-07T06:56:26.660Z,2026-08-07T06:52:05Z,Wyndham Championship,Sedgefield Country Club,2,2,26651,"Young, Cameron",USA,Total Score,over,66.5,-138,-138,102,draftkings,67.17,0.5444,0.5798,-3.55,2.829,NO,market_off,,
2026-08-07T06:56:30Z,2026-08-07T06:56:26.660Z,2026-08-07T06:52:05Z,Wyndham Championship,Sedgefield Country Club,2,2,26651,"Young, Cameron",USA,Total Score,under,66.5,102,-138,102,draftkings,67.17,0.4556,0.495,-3.94,2.829,NO,market_off,,
2026-08-07T06:56:30Z,2026-08-07T06:56:26.660Z,2026-08-07T06:52:05Z,Wyndham Championship,Sedgefield Country Club,2,2,17543,"Kim, Michael",USA,Total Score,over,68.5,115,115,-154,draftkings,67.47,0.4302,0.4651,-3.49,2.534,NO,market_off,,
2026-08-07T06:56:30Z,2026-08-07T06:56:26.660Z,2026-08-07T06:52:05Z,Wyndham Championship,Sedgefield Country Club,2,2,17543,"Kim, Michael",USA,Total Score,under,68.5,-154,115,-154,draftkings,67.47,0.5698,0.6063,-3.65,2.534,NO,market_off,,
